{
  "WIP-FMS_01": {
    "BaselineMOEAD": {
      "n_runs": 1,
      "gd_mean": 0.50333721001054,
      "gd_std": 0.0,
      "igd_mean": 0.5567160660355542,
      "igd_std": 0.0,
      "rep_makespan_mean": 77.0,
      "rep_shortage_mean": 115.0,
      "runtime_mean": 1.8346459865570068
    },
    "EMTGLocalGAV2": {
      "n_runs": 1,
      "gd_mean": 0.2715528675871534,
      "gd_std": 0.0,
      "igd_mean": 0.22806263357480916,
      "igd_std": 0.0,
      "rep_makespan_mean": 89.0,
      "rep_shortage_mean": 64.0,
      "runtime_mean": 2.248746871948242
    },
    "BaselineNSGA2": {
      "n_runs": 1,
      "gd_mean": 0.39740281086429197,
      "gd_std": 0.0,
      "igd_mean": 0.4929978408176705,
      "igd_std": 0.0,
      "rep_makespan_mean": 82.0,
      "rep_shortage_mean": 46.0,
      "runtime_mean": 2.0164473056793213
    }
  },
  "WIP-FMS_02": {
    "BaselineMOEAD": {
      "n_runs": 1,
      "gd_mean": 0.03578059392387878,
      "gd_std": 0.0,
      "igd_mean": 0.07143881088252516,
      "igd_std": 0.0,
      "rep_makespan_mean": 88.0,
      "rep_shortage_mean": 101.0,
      "runtime_mean": 1.6334400177001953
    },
    "EMTGLocalGAV2": {
      "n_runs": 1,
      "gd_mean": 0.008620689655172403,
      "gd_std": 0.0,
      "igd_mean": 0.2849220386591565,
      "igd_std": 0.0,
      "rep_makespan_mean": 88.0,
      "rep_shortage_mean": 59.0,
      "runtime_mean": 1.7354769706726074
    },
    "BaselineNSGA2": {
      "n_runs": 1,
      "gd_mean": 0.07741847592889027,
      "gd_std": 0.0,
      "igd_mean": 0.10873583193041646,
      "igd_std": 0.0,
      "rep_makespan_mean": 87.0,
      "rep_shortage_mean": 74.0,
      "runtime_mean": 1.9430620670318604
    }
  },
  "WIP-FMS_03": {
    "BaselineMOEAD": {
      "n_runs": 1,
      "gd_mean": 4.6795107319321465,
      "gd_std": 0.0,
      "igd_mean": 2.831803093941057,
      "igd_std": 0.0,
      "rep_makespan_mean": 99.0,
      "rep_shortage_mean": 94.0,
      "runtime_mean": 1.6439108848571777
    },
    "EMTGLocalGAV2": {
      "n_runs": 1,
      "gd_mean": 0.0,
      "gd_std": 0.0,
      "igd_mean": 0.0,
      "igd_std": 0.0,
      "rep_makespan_mean": 99.0,
      "rep_shortage_mean": 63.0,
      "runtime_mean": 2.4236738681793213
    },
    "BaselineNSGA2": {
      "n_runs": 1,
      "gd_mean": 6.903289964960727,
      "gd_std": 0.0,
      "igd_mean": 2.831803093941057,
      "igd_std": 0.0,
      "rep_makespan_mean": 102.0,
      "rep_shortage_mean": 93.0,
      "runtime_mean": 2.42826509475708
    }
  }
}