{
  "WIP-FMS_01": {
    "NoGAT": {
      "n_runs": 10,
      "gd_mean": 0.3510659734948529,
      "gd_std": 0.1291019553601468,
      "igd_mean": 0.3367750556721107,
      "igd_std": 0.10786903535737084,
      "rep_makespan_mean": 72.7,
      "rep_shortage_mean": 50.8,
      "runtime_mean": 180.29284451007842
    },
    "EMTGLocalGAV2": {
      "n_runs": 10,
      "gd_mean": 0.3444552021785462,
      "gd_std": 0.14798852929345968,
      "igd_mean": 0.2920181047123777,
      "igd_std": 0.11506440262704527,
      "rep_makespan_mean": 72.1,
      "rep_shortage_mean": 49.2,
      "runtime_mean": 182.338507604599
    },
    "NoLAT": {
      "n_runs": 10,
      "gd_mean": 0.3155248062539277,
      "gd_std": 0.09772739791930046,
      "igd_mean": 0.2920272246890154,
      "igd_std": 0.1125420747684758,
      "rep_makespan_mean": 71.0,
      "rep_shortage_mean": 51.4,
      "runtime_mean": 184.78011696338655
    }
  },
  "WIP-FMS_02": {
    "NoGAT": {
      "n_runs": 10,
      "gd_mean": 0.2657700048813723,
      "gd_std": 0.09072052754211339,
      "igd_mean": 0.23268873097610157,
      "igd_std": 0.059106155275354615,
      "rep_makespan_mean": 79.8,
      "rep_shortage_mean": 53.5,
      "runtime_mean": 180.90210452079774
    },
    "EMTGLocalGAV2": {
      "n_runs": 10,
      "gd_mean": 0.28298432253649863,
      "gd_std": 0.06290061848314811,
      "igd_mean": 0.2496343878451384,
      "igd_std": 0.04805388133431973,
      "rep_makespan_mean": 78.0,
      "rep_shortage_mean": 58.9,
      "runtime_mean": 183.20808987617494
    },
    "NoLAT": {
      "n_runs": 10,
      "gd_mean": 0.23727575245119045,
      "gd_std": 0.12201713056961455,
      "igd_mean": 0.217884422534229,
      "igd_std": 0.09312601359698071,
      "rep_makespan_mean": 78.6,
      "rep_shortage_mean": 51.9,
      "runtime_mean": 186.25106835365295
    }
  },
  "WIP-FMS_03": {
    "NoGAT": {
      "n_runs": 10,
      "gd_mean": 1.5885152125946886,
      "gd_std": 0.6168671995548564,
      "igd_mean": 1.1024029777644677,
      "igd_std": 0.4614362300838186,
      "rep_makespan_mean": 98.4,
      "rep_shortage_mean": 35.8,
      "runtime_mean": 183.88538987636565
    },
    "EMTGLocalGAV2": {
      "n_runs": 10,
      "gd_mean": 1.4805608018358367,
      "gd_std": 0.8214515748928886,
      "igd_mean": 1.0256163280186972,
      "igd_std": 0.4928099353352914,
      "rep_makespan_mean": 98.5,
      "rep_shortage_mean": 32.2,
      "runtime_mean": 185.71746199131013
    },
    "NoLAT": {
      "n_runs": 10,
      "gd_mean": 1.4329649010384293,
      "gd_std": 0.7457160193715309,
      "igd_mean": 0.9530610992514109,
      "igd_std": 0.35567579179228154,
      "rep_makespan_mean": 98.7,
      "rep_shortage_mean": 29.7,
      "runtime_mean": 189.10611050128938
    }
  },
  "WIP-FMS_04": {
    "NoGAT": {
      "n_runs": 10,
      "gd_mean": 0.15276167534777407,
      "gd_std": 0.04047216575401508,
      "igd_mean": 0.2014516926586194,
      "igd_std": 0.029894030036121875,
      "rep_makespan_mean": 156.3,
      "rep_shortage_mean": 152.0,
      "runtime_mean": 1424.8518826723098
    },
    "EMTGLocalGAV2": {
      "n_runs": 10,
      "gd_mean": 0.14745467601180265,
      "gd_std": 0.053714741865693694,
      "igd_mean": 0.22464598234570932,
      "igd_std": 0.05640240384379213,
      "rep_makespan_mean": 156.7,
      "rep_shortage_mean": 147.7,
      "runtime_mean": 1442.6741465091704
    },
    "NoLAT": {
      "n_runs": 10,
      "gd_mean": 0.16755620987804667,
      "gd_std": 0.08053789490173986,
      "igd_mean": 0.22502971901039162,
      "igd_std": 0.052398290291894384,
      "rep_makespan_mean": 157.8,
      "rep_shortage_mean": 143.3,
      "runtime_mean": 1452.1496772289277
    }
  },
  "WIP-FMS_05": {
    "NoGAT": {
      "n_runs": 10,
      "gd_mean": 0.29006801782989233,
      "gd_std": 0.14570927287967392,
      "igd_mean": 0.3616734797052672,
      "igd_std": 0.11562848085911781,
      "rep_makespan_mean": 255.8,
      "rep_shortage_mean": 345.5,
      "runtime_mean": 1716.4892298460006
    },
    "EMTGLocalGAV2": {
      "n_runs": 10,
      "gd_mean": 0.3919806862085752,
      "gd_std": 0.1459248041463185,
      "igd_mean": 0.43116685580634245,
      "igd_std": 0.11950173373399335,
      "rep_makespan_mean": 258.3,
      "rep_shortage_mean": 353.4,
      "runtime_mean": 1735.1430487632751
    },
    "NoLAT": {
      "n_runs": 10,
      "gd_mean": 0.2890198667389764,
      "gd_std": 0.13336187399000637,
      "igd_mean": 0.39206832324491936,
      "igd_std": 0.11832790511466203,
      "rep_makespan_mean": 256.5,
      "rep_shortage_mean": 346.0,
      "runtime_mean": 1753.5059331893922
    }
  },
  "WIP-FMS_06": {
    "NoGAT": {
      "n_runs": 10,
      "gd_mean": 0.3612037903371245,
      "gd_std": 0.07768086050628518,
      "igd_mean": 0.3829689633467134,
      "igd_std": 0.059096356958739424,
      "rep_makespan_mean": 165.6,
      "rep_shortage_mean": 149.7,
      "runtime_mean": 1453.7307908773423
    },
    "EMTGLocalGAV2": {
      "n_runs": 10,
      "gd_mean": 0.29239415000067465,
      "gd_std": 0.13262195423317433,
      "igd_mean": 0.3474607989688604,
      "igd_std": 0.12542167773602383,
      "rep_makespan_mean": 162.4,
      "rep_shortage_mean": 149.8,
      "runtime_mean": 1477.1702653646469
    },
    "NoLAT": {
      "n_runs": 10,
      "gd_mean": 0.35002822866266065,
      "gd_std": 0.14993275120019645,
      "igd_mean": 0.37506276207003414,
      "igd_std": 0.14461319870089698,
      "rep_makespan_mean": 164.6,
      "rep_shortage_mean": 149.3,
      "runtime_mean": 1494.5294375896453
    }
  },
  "WIP-FMS_07": {
    "NoGAT": {
      "n_runs": 10,
      "gd_mean": 0.38564420686069356,
      "gd_std": 0.1736254532621105,
      "igd_mean": 0.35649610319260233,
      "igd_std": 0.13213936483511862,
      "rep_makespan_mean": 211.3,
      "rep_shortage_mean": 227.1,
      "runtime_mean": 1612.1741789579391
    },
    "EMTGLocalGAV2": {
      "n_runs": 10,
      "gd_mean": 0.426951965344781,
      "gd_std": 0.0942431354173264,
      "igd_mean": 0.4196093291957479,
      "igd_std": 0.07279815828606333,
      "rep_makespan_mean": 210.5,
      "rep_shortage_mean": 231.0,
      "runtime_mean": 1630.3973470926285
    },
    "NoLAT": {
      "n_runs": 10,
      "gd_mean": 0.4523662770146242,
      "gd_std": 0.1701094181464665,
      "igd_mean": 0.39984046462281414,
      "igd_std": 0.10851528229504034,
      "rep_makespan_mean": 209.8,
      "rep_shortage_mean": 228.4,
      "runtime_mean": 1644.9625993967056
    }
  },
  "WIP-FMS_08": {
    "NoGAT": {
      "n_runs": 10,
      "gd_mean": 0.4685662360510616,
      "gd_std": 0.14009236447551948,
      "igd_mean": 0.4431043561474903,
      "igd_std": 0.10971804091163795,
      "rep_makespan_mean": 229.7,
      "rep_shortage_mean": 197.0,
      "runtime_mean": 1643.4684110641479
    },
    "EMTGLocalGAV2": {
      "n_runs": 10,
      "gd_mean": 0.42121522364081276,
      "gd_std": 0.09511792182161218,
      "igd_mean": 0.4270006711237996,
      "igd_std": 0.05808288884020465,
      "rep_makespan_mean": 230.0,
      "rep_shortage_mean": 199.6,
      "runtime_mean": 1652.8692403316497
    },
    "NoLAT": {
      "n_runs": 10,
      "gd_mean": 0.5041996937124782,
      "gd_std": 0.25233143991483287,
      "igd_mean": 0.4733692555529794,
      "igd_std": 0.13100006719789623,
      "rep_makespan_mean": 228.6,
      "rep_shortage_mean": 204.0,
      "runtime_mean": 1670.548104739189
    }
  },
  "WIP-FMS_09": {
    "NoGAT": {
      "n_runs": 10,
      "gd_mean": 0.27726617268030884,
      "gd_std": 0.06754116132991722,
      "igd_mean": 0.26836476059701203,
      "igd_std": 0.045361339150081635,
      "rep_makespan_mean": 275.2,
      "rep_shortage_mean": 244.3,
      "runtime_mean": 1648.9931305408477
    },
    "EMTGLocalGAV2": {
      "n_runs": 10,
      "gd_mean": 0.31410880369063826,
      "gd_std": 0.14603669536031286,
      "igd_mean": 0.3478100728791295,
      "igd_std": 0.07539047387779273,