{
  "instance_name": "WIP-FMS_13",
  "reference_front": [
    {
      "makespan": 289.0,
      "shortage": 488.0
    },
    {
      "makespan": 291.0,
      "shortage": 446.0
    },
    {
      "makespan": 292.0,
      "shortage": 432.0
    }
  ],
  "normalization_bounds": {
    "m_min": 289.0,
    "m_max": 292.0,
    "s_min": 432.0,
    "s_max": 488.0
  },
  "algorithm_summary": {
    "NoGAT": {
      "n_runs": 10,
      "gd_mean": 4.057632599391673,
      "gd_std": 1.3261129281592274,
      "igd_mean": 3.181582388822417,
      "igd_std": 0.715901994545573,
      "rep_makespan_mean": 299.6,
      "rep_shortage_mean": 544.9,
      "runtime_mean": 10099.234636735917
    },
    "EMTGLocalGAV2": {
      "n_runs": 10,
      "gd_mean": 4.18523321773434,
      "gd_std": 2.0425563153436155,
      "igd_mean": 3.4099921309321433,
      "igd_std": 1.2623996425277906,
      "rep_makespan_mean": 299.7,
      "rep_shortage_mean": 559.8,
      "runtime_mean": 9003.168958115577
    },
    "NoLAT": {
      "n_runs": 10,
      "gd_mean": 3.812305676498632,
      "gd_std": 1.8216182538151249,
      "igd_mean": 3.2224369537489905,
      "igd_std": 1.535678251642762,
      "rep_makespan_mean": 300.2,
      "rep_shortage_mean": 553.0,
      "runtime_mean": 11532.719242382049
    }
  }
}