{
  "instance_name": "WIP-FMS_16",
  "reference_front": [
    {
      "makespan": 454.0,
      "shortage": 1263.0
    },
    {
      "makespan": 459.0,
      "shortage": 1208.0
    },
    {
      "makespan": 461.0,
      "shortage": 1177.0
    }
  ],
  "normalization_bounds": {
    "m_min": 454.0,
    "m_max": 461.0,
    "s_min": 1177.0,
    "s_max": 1263.0
  },
  "algorithm_summary": {
    "EMTGLocalGAV2": {
      "n_runs": 10,
      "gd_mean": 1.2460764839097722,
      "gd_std": 0.9765247043122584,
      "igd_mean": 0.870162603447917,
      "igd_std": 0.3801765036685569,
      "rep_makespan_mean": 460.9,
      "rep_shortage_mean": 1263.0,
      "runtime_mean": 11747.16001226902
    }
  }
}