cell_id,candidate_id,valid,makespan_consistent,mean_makespan_L25,median_makespan_L25,D_C_L25,mean_shortage_L25,median_shortage_L25,std_shortage_L25,Q05_shortage_L25,Q95_shortage_L25,D_S_L25,P_short_L25,spearman_cmax_shortage_L25,pairwise_conflict_ratio_L25,mean_makespan_L33,median_makespan_L33,D_C_L33,mean_shortage_L33,median_shortage_L33,std_shortage_L33,Q05_shortage_L33,Q95_shortage_L33,D_S_L33,P_short_L33,spearman_cmax_shortage_L33,pairwise_conflict_ratio_L33,mean_makespan_L50,median_makespan_L50,D_C_L50,mean_shortage_L50,median_shortage_L50,std_shortage_L50,Q05_shortage_L50,Q95_shortage_L50,D_S_L50,P_short_L50,spearman_cmax_shortage_L50,pairwise_conflict_ratio_L50,rank_corr_L25_L33,rank_corr_L33_L50,rank_corr_L25_L50,mean_rank_stability,rank_L25,rank_L33,rank_L50,rank_span,candidate_low_wip_robustness
S1_P1_B1,WIPHFSP_S1_P1_B1_C085,True,True,1284.37,1270.5,0.2954348681621406,1364.925,1321.5,511.14772754556975,646.6,2281.7,1.2373060915626173,1.0,0.7183888455184015,0.23395998185575323,1284.37,1270.5,0.2954348681621406,1364.925,1321.5,511.14772754556975,646.6,2281.7,1.2373060915626173,1.0,0.7183888455184015,0.23395998185575323,1284.37,1270.5,0.2954348681621406,3589.56,3492.0,1006.8465952666274,2080.3,5282.749999999999,0.9170819014891174,1.0,0.6917509644517571,0.24610811627789814,0.9999999999999998,0.9999999999999998,0.9999999999999998,0.9999999999999997,2,2,2,0,1.0
S1_P1_B1,WIPHFSP_S1_P1_B1_C005,True,True,1222.47,1214.0,0.23731466227347586,1021.915,948.0,411.2121688070527,511.65,1768.2499999999995,1.3255274261603356,1.0,0.5590153865387694,0.2993643426495813,1222.47,1214.0,0.23731466227347586,1021.915,948.0,411.2121688070527,511.65,1768.2499999999995,1.3255274261603356,1.0,0.5590153865387694,0.2993643426495813,1222.47,1214.0,0.23731466227347586,2861.83,2757.5,844.9997757987868,1708.0,4281.999999999999,0.933454215775158,1.0,0.5532017188290898,0.300292427145306,0.9999999999999998,0.9999999999999998,0.9999999999999998,0.9999999999999997,5,5,5,0,1.0
S1_P1_B1,WIPHFSP_S1_P1_B1_C042,True,True,1263.27,1243.0,0.3237731295253417,1520.705,1445.5,489.38520408263264,896.9000000000001,2586.3999999999996,1.1687997232791412,1.0,0.7005209037135427,0.23711548159354515,1263.27,1243.0,0.3237731295253417,1520.705,1445.5,489.38520408263264,896.9000000000001,2586.3999999999996,1.1687997232791412,1.0,0.7005209037135427,0.23711548159354515,1263.27,1243.0,0.3237731295253417,3849.795,3745.0,935.4342590342733,2611.75,5796.699999999995,0.8504539385847782,1.0,0.6999608481362303,0.23829444080439494,0.9999999999999998,0.9999999999999998,0.9999999999999998,0.9999999999999997,1,1,1,0,1.0
S1_P1_B1,WIPHFSP_S1_P1_B1_C008,True,True,1384.175,1367.5,0.2591224862888482,814.675,774.5,239.51511304091022,468.55,1236.45,0.9914783731439627,1.0,0.14739882551463807,0.4508577194752775,1384.175,1367.5,0.2591224862888482,814.675,774.5,239.51511304091022,468.55,1236.45,0.9914783731439627,1.0,0.14739882551463807,0.4508577194752775,1384.175,1367.5,0.2591224862888482,2511.705,2458.0,543.9622762425719,1688.2,3403.0499999999993,0.6976606997558985,1.0,0.08052652798539445,0.4735780556676079,0.9999999999999998,0.9999999999999998,0.9999999999999998,0.9999999999999997,4,4,4,0,1.0
S1_P1_B1,WIPHFSP_S1_P1_B1_C013,True,True,1477.89,1458.0,0.29327846364883364,1251.35,1181.0,405.91181000310894,743.4499999999999,2099.8999999999996,1.1485605419136315,1.0,0.5383567059245842,0.3101865859808371,1477.89,1458.0,0.29327846364883364,1251.35,1181.0,405.91181000310894,743.4499999999999,2099.8999999999996,1.1485605419136315,1.0,0.5383567059245842,0.3101865859808371,1477.89,1458.0,0.29327846364883364,3378.95,3224.5,833.4424500227955,2336.0,4916.299999999999,0.8002170879206074,1.0,0.4920741653222039,0.3314349075147422,0.9999999999999998,0.9999999999999998,0.9999999999999998,0.9999999999999997,3,3,3,0,1.0
S1_P1_B2,WIPHFSP_S1_P1_B2_C061,True,True,1265.85,1255.0,0.2598406374501989,2341.72,2283.5,533.9118200602043,1618.8500000000001,3325.2999999999993,0.7472958178235158,1.0,0.057483161587484614,0.47725897539330375,1265.85,1255.0,0.2598406374501989,2341.72,2283.5,533.9118200602043,1618.8500000000001,3325.2999999999993,0.7472958178235158,1.0,0.057483161587484614,0.47725897539330375,1265.85,1255.0,0.2598406374501989,4486.33,4465.5,820.1546690106691,3224.2000000000003,5949.2,0.6102340163475533,1.0,0.03437473983833781,0.4830593929615811,0.9999999999999998,0.9999999999999998,0.9999999999999998,0.9999999999999997,4,4,4,0,1.0
S1_P1_B2,WIPHFSP_S1_P1_B2_C006,True,True,1517.465,1496.5,0.2819579017707981,2740.345,2659.0,675.6918128666352,1809.85,4138.049999999999,0.8755923279428351,1.0,0.0625274467787396,0.4787496849004285,1517.465,1496.5,0.2819579017707981,2740.345,2659.0,675.6918128666352,1809.85,4138.049999999999,0.8755923279428351,1.0,0.0625274467787396,0.4787496849004285,1517.465,1496.5,0.2819579017707981,5230.96,5064.5,1013.2171822467284,3800.55,7191.299999999999,0.669513278704709,1.0,0.03468886378564157,0.4890143116307196,0.9999999999999998,0.9999999999999998,0.9999999999999998,0.9999999999999997,2,2,2,0,1.0
S1_P1_B2,WIPHFSP_S1_P1_B2_C085,True,True,1312.68,1300.5,0.24871203383314078,3506.695,3424.5,768.7927106671863,2359.55,4791.999999999998,0.7103080741714111,1.0,0.6690623203528303,0.25368240516545604,1312.68,1300.5,0.24871203383314078,3506.695,3424.5,768.7927106671863,2359.55,4791.999999999998,0.7103080741714111,1.0,0.6690623203528303,0.25368240516545604,1312.68,1300.5,0.24871203383314078,6092.225,6043.0,1080.7944783237006,4450.799999999999,8050.15,0.5956230349164322,1.0,0.6866531512587214,0.2449947047254022,0.9999999999999998,0.9999999999999998,0.9999999999999998,0.9999999999999997,5,5,5,0,1.0
S1_P1_B2,WIPHFSP_S1_P1_B2_C003,True,True,1472.33,1461.0,0.2849418206707732,2882.845,2837.0,639.8395275184239,1874.7,4108.15,0.7872576665491714,1.0,0.4865175522217864,0.3324433249370277,1472.33,1461.0,0.2849418206707732,2882.845,2837.0,639.8395275184239,1874.7,4108.15,0.7872576665491714,1.0,0.4865175522217864,0.3324433249370277,1472.33,1461.0,0.2849418206707732,5264.55,5281.5,962.3747593843055,3765.2,6979.8499999999985,0.6086623118432261,1.0,0.4650207629412564,0.33927851672712617,0.9999999999999998,0.9999999999999998,0.9999999999999998,0.9999999999999997,1,1,1,0,1.0
S1_P1_B2,WIPHFSP_S1_P1_B2_C090,True,True,1225.78,1210.5,0.27038413878562556,2023.795,1960.0,551.1835474458576,1322.65,3133.2499999999995,0.9237755102040809,1.0,0.1317922543762046,0.45332190745034784,1225.78,1210.5,0.27038413878562556,2023.795,1960.0,551.1835474458576,1322.65,3133.2499999999995,0.9237755102040809,1.0,0.1317922543762046,0.45332190745034784,1225.78,1210.5,0.27038413878562556,3931.925,3810.0,843.349861786317,2776.7000000000003,5514.549999999997,0.7185958005249334,1.0,0.08625039237769791,0.46952356944794554,0.9999999999999998,0.9999999999999998,0.9999999999999998,0.9999999999999997,3,3,3,0,1.0
S1_P1_B3,WIPHFSP_S1_P1_B3_C004,True,True,1468.855,1446.0,0.3211618257261405,1642.795,1574.0,403.94316800139103,1140.8,2445.25,0.8287484116899614,1.0,-0.0022459724191106903,0.5016621335750983,1468.855,1446.0,0.3211618257261405,3407.195,3238.0,687.7392216349159,2509.5,4761.999999999999,0.6956454601605925,1.0,0.02451969773733462,0.4924448473859172,1468.855,1446.0,0.3211618257261405,5717.07,5567.0,952.8808976467101,4451.8,7502.75,0.5480420334111729,1.0,0.02882816393859675,0.488897839987916,0.9999999999999998,0.9999999999999998,0.9999999999999998,0.9999999999999997,1,1,1,0,1.0
S1_P1_B3,WIPHFSP_S1_P1_B3_C088,True,True,1375.295,1354.5,0.2556293835363601,3735.59,3660.5,878.950921212328,2419.25,5268.299999999999,0.7783226335200105,1.0,0.5228090098401441,0.31650035278701744,1375.295,1354.5,0.2556293835363601,6615.265,6509.0,1278.6743153653317,4794.7,8904.999999999995,0.6314794899370094,1.0,0.5141642407223901,0.3214087771451605,1375.295,1354.5,0.2556293835363601,9808.945,9624.0,1605.8902552712,7550.9,12743.799999999994,0.5395781379883617,1.0,0.5272156563694567,0.316030842110568,0.9999999999999998,0.9999999999999998,0.9999999999999998,0.9999999999999997,4,4,4,0,1.0
S1_P1_B3,WIPHFSP_S1_P1_B3_C094,True,True,1337.125,1324.5,0.2597206493016231,3465.3,3338.5,766.7189445944323,2443.7999999999997,4679.699999999999,0.6697319155309266,1.0,0.5121721451670772,0.3227921521158017,1337.125,1324.5,0.2597206493016231,6163.745,5954.5,1124.0306579337594,4736.900000000001,8156.049999999998,0.5742127802502305,1.0,0.4729597055433048,0.337451464878221,1337.125,1324.5,0.2597206493016231,9204.97,9003.0,1439.0244504872041,7395.1,11935.15,0.5042819060313227,1.0,0.475754931552152,0.3362581946545638,0.9999999999999998,0.9999999999999998,0.9999999999999998,0.9999999999999997,3,3,3,0,1.0
S1_P1_B3,WIPHFSP_S1_P1_B3_C085,True,True,1316.865,1301.0,0.22720983858570307,2458.24,2391.5,574.7172369087255,1638.1499999999999,3569.1,0.8074221200083627,1.0,0.22668513775770213,0.42313899536009686,1316.865,1301.0,0.22720983858570307,4725.095,4670.5,871.3210751353372,3447.8999999999996,6213.7,0.5921849909003318,1.0,0.1934493696875587,0.4348023396530859,1316.865,1301.0,0.22720983858570307,7421.99,7402.0,1108.507555183996,5788.85,9110.3,0.448723318022156,1.0,0.20785757339237673,0.4313013664095195,0.9999999999999998,0.9999999999999998,0.9999999999999998,0.9999999999999997,5,5,5,0,1.0
S1_P1_B3,WIPHFSP_S1_P1_B3_C047,True,True,1434.14,1419.5,0.26255723846424783,2640.535,2638.0,620.6140256028701,1671.95,3774.25,0.7969294920394236,1.0,0.5597213462433979,0.30232323741369754,1434.14,1419.5,0.26255723846424783,4983.32,5003.0,932.1178560675683,3466.65,6575.049999999999,0.6213072156705973,1.0,0.5223205564134186,0.31680274165910693,1434.14,1419.5,0.26255723846424783,7776.66,7697.5,1169.9671552654802,5886.299999999999,9776.2,0.505345891523222,1.0,0.49753463115566493,0.327102332846274,0.9999999999999998,0.9999999999999998,0.9999999999999998,0.9999999999999997,2,2,2,0,1.0
S1_P2_B1,WIPHFSP_S1_P2_B1_C069,True,True,1497.275,1479.0,0.3090939824205543,2374.11,2297.0,638.2517355244715,1475.3000000000002,3559.8999999999996,0.9075315629081404,1.0,0.8086335260904516,0.18749684900428534,1497.275,1479.0,0.3090939824205543,2374.11,2297.0,638.2517355244715,1475.3000000000002,3559.8999999999996,0.9075315629081404,1.0,0.8086335260904516,0.18749684900428534,1497.275,1479.0,0.3090939824205543,5684.955,5512.5,1202.8081779631364,3966.15,7821.699999999999,0.6994195011337865,1.0,0.7935632770095578,0.19460549533652635,0.9999999999999998,0.9999999999999998,0.9999999999999998,0.9999999999999997,2,2,2,0,1.0
S1_P2_B1,WIPHFSP_S1_P2_B1_C066,True,True,1281.015,1258.5,0.32411601112435384,1824.165,1790.0,492.4024957034641,1143.15,2766.45,0.9068715083798876,1.0,0.8753520956826218,0.15486569571133396,1281.015,1258.5,0.32411601112435384,2901.01,2848.5,623.4193291036139,2004.6,4166.05,0.7588028787080918,1.0,0.8956319947096453,0.13983969350204165,1281.015,1258.5,0.32411601112435384,4455.995,4365.0,928.3253874450488,3035.05,6271.2,0.7413860252004579,1.0,0.8700609106957357,0.15729261163189195,0.9999999999999998,0.9999999999999998,0.9999999999999998,0.9999999999999997,1,1,1,0,1.0
S1_P2_B1,WIPHFSP_S1_P2_B1_C078,True,True,1358.405,1346.0,0.30449479940564594,1934.995,1852.5,530.1607350370263,1203.2,3025.6999999999994,0.9838056680161935,1.0,0.7963334372286457,0.1919858870967742,1358.405,1346.0,0.30449479940564594,2954.19,2843.5,719.6334858106591,1914.8500000000001,4437.150000000001,0.8870406189555123,1.0,0.7969871718681314,0.1899506098175587,1358.405,1346.0,0.30449479940564594,4736.275,4610.0,1005.8874138664823,3389.6,6771.0,0.7334924078091105,1.0,0.7826624050787983,0.20005040322580644,0.9999999999999998,0.9999999999999998,0.9999999999999998,0.9999999999999997,3,3,3,0,1.0
S1_P2_B1,WIPHFSP_S1_P2_B1_C032,True,True,1257.27,1246.5,0.2792619334135577,1811.93,1755.5,461.12929325732495,1205.55,2709.2999999999997,0.856593563087439,1.0,0.8184350576336888,0.18654572940287226,1257.27,1246.5,0.2792619334135577,1811.93,1755.5,461.12929325732495,1205.55,2709.2999999999997,0.856593563087439,1.0,0.8184350576336888,0.18654572940287226,1257.27,1246.5,0.2792619334135577,4407.97,4270.5,896.5714467347262,3185.35,6091.699999999998,0.6805643367287197,1.0,0.8076785475362844,0.191183879093199,0.9999999999999998,0.9999999999999998,0.9999999999999998,0.9999999999999997,5,5,5,0,1.0
S1_P2_B1,WIPHFSP_S1_P2_B1_C016,True,True,1559.435,1524.0,0.2793307086614172,2405.0,2279.5,637.3412900479617,1626.45,3520.599999999999,0.8309497696863339,1.0,0.8237675486400102,0.18272525700463615,1559.435,1524.0,0.2793307086614172,2405.0,2279.5,637.3412900479617,1626.45,3520.599999999999,0.8309497696863339,1.0,0.8237675486400102,0.18272525700463615,1559.435,1524.0,0.2793307086614172,5846.675,5530.0,1210.222818069053,4409.25,8012.299999999998,0.651546112115732,1.0,0.828109085327126,0.18076477404403243,0.9999999999999998,0.9999999999999998,0.9999999999999998,0.9999999999999997,4,4,4,0,1.0
S1_P2_B2,WIPHFSP_S1_P2_B2_C043,True,True,1410.39,1378.5,0.3072542618788536,5115.75,4871.0,1100.9089006361971,3676.7,7083.949999999999,0.6994970231985216,1.0,0.8038233282730843,0.19056261343012704,1410.39,1378.5,0.3072542618788536,5115.75,4871.0,1100.9089006361971,3676.7,7083.949999999999,0.6994970231985216,1.0,0.8038233282730843,0.19056261343012704,1410.39,1378.5,0.3072542618788536,8543.065,8217.5,1558.22500646569,6599.05,11423.849999999999,0.5871372071797989,1.0,0.8080611103067762,0.18838826731176292,0.9999999999999998,0.9999999999999998,0.9999999999999998,0.9999999999999997,1,1,1,0,1.0
S1_P2_B2,WIPHFSP_S1_P2_B2_C059,True,True,1301.64,1286.0,0.2807542768273715,4733.235,4533.0,970.5466911874977,3302.3500000000004,6661.799999999999,0.741109640414736,1.0,0.7953000642139134,0.19283663291521838,1301.64,1286.0,0.2807542768273715,4733.235,4533.0,970.5466911874977,3302.3500000000004,6661.799999999999,0.741109640414736,1.0,0.7953000642139134,0.19283663291521838,1301.64,1286.0,0.2807542768273715,7916.025,7717.0,1370.2522046597846,5841.4,10490.699999999997,0.6024750550732145,1.0,0.7968890105181257,0.1901667422296106,0.9999999999999998,0.9999999999999998,0.9999999999999998,0.9999999999999997,4,4,4,0,1.0
S1_P2_B2,WIPHFSP_S1_P2_B2_C086,True,True,1374.655,1366.5,0.26641053787047164,4816.955,4684.5,911.9309255502853,3591.2999999999997,6422.999999999998,0.6044828690361828,1.0,0.8584557356093439,0.16664987912973409,1374.655,1366.5,0.26641053787047164,4816.955,4684.5,911.9309255502853,3591.2999999999997,6422.999999999998,0.6044828690361828,1.0,0.8584557356093439,0.16664987912973409,1374.655,1366.5,0.26641053787047164,7961.91,7717.0,1321.7236972605128,6186.95,10315.099999999997,0.5349423351043147,1.0,0.8470186350342065,0.17338303445496675,0.9999999999999998,0.9999999999999998,0.9999999999999998,0.9999999999999997,5,5,5,0,1.0
S1_P2_B2,WIPHFSP_S1_P2_B2_C073,True,True,1257.17,1234.5,0.298217901984609,3830.185,3696.0,1035.1672767118366,2446.8500000000004,5936.699999999999,0.9442234848484842,1.0,0.6803894487505422,0.2456538170823885,1257.17,1234.5,0.298217901984609,3830.185,3696.0,1035.1672767118366,2446.8500000000004,5936.699999999999,0.9442234848484842,1.0,0.6803894487505422,0.2456538170823885,1257.17,1234.5,0.298217901984609,6670.225,6462.5,1482.319751057443,4622.5,9571.699999999997,0.7658336557059956,1.0,0.6910975406182693,0.2418639798488665,0.9999999999999998,0.9999999999999998,0.9999999999999998,0.9999999999999997,2,2,2,0,1.0
S1_P2_B2,WIPHFSP_S1_P2_B2_C088,True,True,1289.58,1262.5,0.2932277227722767,4499.865,4233.5,1010.850630298562,3282.7,6392.649999999995,0.73460493681351,1.0,0.7349568296450859,0.2209783156833081,1289.58,1262.5,0.2932277227722767,4499.865,4233.5,1010.850630298562,3282.7,6392.649999999995,0.73460493681351,1.0,0.7349568296450859,0.2209783156833081,1289.58,1262.5,0.2932277227722767,7577.36,7221.0,1441.6701080344283,5766.8,10193.249999999989,0.6129968148455877,1.0,0.7516488778500157,0.2141488503428802,0.9999999999999998,0.9999999999999998,0.9999999999999998,0.9999999999999997,3,3,3,0,1.0
S1_P2_B3,WIPHFSP_S1_P2_B3_C051,True,True,1259.56,1248.5,0.27408890668802527,3177.655,3174.0,663.0542707614513,2138.8,4312.299999999999,0.6847826086956517,1.0,0.5859860884132667,0.2884644459003175,1259.56,1248.5,0.27408890668802527,5648.775,5632.5,958.8273329307003,4080.0,7297.099999999999,0.5711673324456279,1.0,0.5900320266334502,0.28625415700896906,1259.56,1248.5,0.27408890668802527,8421.355,8381.0,1199.5778669911344,6414.400000000001,10624.65,0.5023565207015867,1.0,0.6111660721391865,0.27685409109230147,0.9999999999999998,0.9999999999999998,0.9999999999999998,0.9999999999999997,1,1,1,0,1.0
S1_P2_B3,WIPHFSP_S1_P2_B3_C028,True,True,1312.385,1297.0,0.2707016191210485,3704.805,3660.5,782.3810625104624,2513.5,5047.45,0.6922414970632425,1.0,0.6486844173721606,0.26264865954444666,1312.385,1297.0,0.2707016191210485,6445.175,6374.5,1091.3148190943803,4713.75,8276.65,0.5589301121656599,1.0,0.6439810977179522,0.264006449012495,1312.385,1297.0,0.2707016191210485,9455.54,9363.0,1352.5977629731613,7460.8,11764.05,0.4596016234112996,1.0,0.6512516787752788,0.2626221908696967,0.9999999999999998,0.9999999999999998,0.9999999999999998,0.9999999999999997,2,2,2,0,1.0
S1_P2_B3,WIPHFSP_S1_P2_B3_C022,True,True,1327.65,1314.0,0.2676560121765596,5811.915,5730.5,904.2690571809919,4573.3,7479.049999999998,0.5070674461216295,1.0,0.8571989494842468,0.16371792933111548,1327.65,1314.0,0.2676560121765596,7661.515,7516.0,1150.649464335251,6042.400000000001,9907.3,0.5142229909526341,1.0,0.8396633842233006,0.17631353584202308,1327.65,1314.0,0.2676560121765596,12062.55,11854.0,1585.6272410311321,9810.5,14892.4,0.4287076092458241,1.0,0.8594604164590997,0.1647521160822249,0.9999999999999998,0.9999999999999998,0.9999999999999998,0.9999999999999997,3,3,3,0,1.0
S1_P2_B3,WIPHFSP_S1_P2_B3_C058,True,True,1163.745,1163.5,0.23218736570691847,2461.305,2399.0,533.4858592080956,1701.15,3510.399999999999,0.7541684035014583,1.0,0.40606977737505134,0.3591620393740535,1163.745,1163.5,0.23218736570691847,4523.93,4421.0,787.0827053747274,3376.75,6027.749999999999,0.5996380909296536,1.0,0.42615851807044464,0.35196122974405575,1163.745,1163.5,0.23218736570691847,6908.625,6813.0,1000.7914789680216,5434.549999999999,8741.949999999999,0.48545427858505785,1.0,0.46567737716998336,0.3381788814859681,0.9999999999999998,0.9999999999999998,0.9999999999999998,0.9999999999999997,5,5,5,0,1.0
S1_P2_B3,WIPHFSP_S1_P2_B3_C083,True,True,1272.495,1249.5,0.24989995998399323,3561.63,3402.5,979.9841545147555,2187.0,5497.899999999999,0.9730786186627474,1.0,0.5411887360690042,0.30369922386856163,1272.495,1249.5,0.24989995998399323,6308.37,6134.5,1393.0537509730198,4356.150000000001,9050.749999999998,0.7652783437932997,1.0,0.5065356451423129,0.31693796300962557,1272.495,1249.5,0.24989995998399323,9332.025,9070.5,1714.4562678514142,7031.9,12745.649999999998,0.6299266854087423,1.0,0.5107546339566146,0.3160256087109946,0.9999999999999998,0.9999999999999998,0.9999999999999998,0.9999999999999997,4,4,4,0,1.0
S1_P3_B1,WIPHFSP_S1_P3_B1_C017,True,True,1187.895,1183.0,0.26918850380388804,1102.385,1045.5,326.0395478695798,675.0,1691.4499999999996,0.972214251554279,1.0,0.6535113594420725,0.26199485394278793,1187.895,1183.0,0.26918850380388804,1999.555,1931.5,466.5162236996694,1345.9,2824.8,0.7656743463629301,1.0,0.6958055584186948,0.2415376078292892,1187.895,1183.0,0.26918850380388804,2919.295,2809.0,656.0874621382427,2012.55,4041.35,0.7222499110003557,1.0,0.6213119852791309,0.2741715842033591,0.9999999999999998,0.9999999999999998,0.9999999999999998,0.9999999999999997,3,3,3,0,1.0
S1_P3_B1,WIPHFSP_S1_P3_B1_C053,True,True,1504.225,1487.0,0.3235709482178878,1369.9,1320.0,330.3977602829656,878.9000000000001,1881.9499999999998,0.7598863636363629,1.0,0.7452634082427478,0.22349916830485408,1504.225,1487.0,0.3235709482178878,1369.9,1320.0,330.3977602829656,878.9000000000001,1881.9499999999998,0.7598863636363629,1.0,0.7452634082427478,0.22349916830485408,1504.225,1487.0,0.3235709482178878,3596.985,3514.5,673.9266835309313,2586.65,4677.15,0.5948214539763833,1.0,0.7300160208936418,0.23133125062984985,0.9999999999999998,0.9999999999999998,0.9999999999999998,0.9999999999999997,1,1,1,0,1.0
S1_P3_B1,WIPHFSP_S1_P3_B1_C099,True,True,1303.36,1285.5,0.2690392843251649,1293.04,1226.0,312.0299959939749,857.3,1883.2499999999995,0.8368270799347461,1.0,0.6712783005902045,0.2594441922630756,1303.36,1285.5,0.2690392843251649,1293.04,1226.0,312.0299959939749,857.3,1883.2499999999995,0.8368270799347461,1.0,0.6712783005902045,0.2594441922630756,1303.36,1285.5,0.2690392843251649,3314.61,3210.0,637.7516428046266,2502.75,4499.099999999999,0.6219158878504669,1.0,0.6020551820022242,0.28925744820285326,0.9999999999999998,0.9999999999999998,0.9999999999999998,0.9999999999999997,4,4,4,0,1.0
S1_P3_B1,WIPHFSP_S1_P3_B1_C023,True,True,1269.105,1264.5,0.2574139976275206,1098.64,1045.5,290.8189478008611,664.6999999999999,1681.5999999999995,0.9726446676231455,1.0,0.5657288881220532,0.3007916897786294,1269.105,1264.5,0.2574139976275206,2080.47,2049.0,437.0607041361646,1366.9,2891.949999999999,0.7442898975109801,1.0,0.6804157194230682,0.25267298769416985,1269.105,1264.5,0.2574139976275206,2955.285,2863.0,582.112999146214,2155.7000000000003,4097.9,0.6783793223891019,1.0,0.5762910372873983,0.29815981850264683,0.9999999999999998,0.9999999999999998,0.9999999999999998,0.9999999999999997,5,5,5,0,1.0
S1_P3_B1,WIPHFSP_S1_P3_B1_C014,True,True,1380.49,1367.5,0.2975502742230344,1618.82,1549.5,417.4264098017757,1044.45,2371.249999999999,0.8562762181348811,1.0,0.7830990268244824,0.20287443267776098,1380.49,1367.5,0.2975502742230344,1889.975,1838.0,461.92932833389136,1289.65,2712.2999999999993,0.7740206746463539,1.0,0.7135458564110023,0.2368832216118139,1380.49,1367.5,0.2975502742230344,4033.375,3953.5,809.5181062675498,2930.3500000000004,5427.449999999998,0.6316175540660167,1.0,0.7671949418738887,0.20941247606570593,0.9999999999999998,0.9999999999999998,0.9999999999999998,0.9999999999999997,2,2,2,0,1.0
S1_P3_B2,WIPHFSP_S1_P3_B2_C087,True,True,1395.015,1366.5,0.295718990120746,3043.5,2990.0,493.6470297692472,2280.8,3850.7999999999993,0.5250836120401333,1.0,0.6060502192647924,0.2867012960814968,1395.015,1366.5,0.295718990120746,3043.5,2990.0,493.6470297692472,2280.8,3850.7999999999993,0.5250836120401333,1.0,0.6060502192647924,0.2867012960814968,1395.015,1366.5,0.295718990120746,5399.52,5319.5,749.9725325636933,4276.45,6652.499999999998,0.44666791991728505,1.0,0.5562619703583314,0.30731215330307615,0.9999999999999998,0.9999999999999998,0.9999999999999998,0.9999999999999997,2,2,2,0,1.0
S1_P3_B2,WIPHFSP_S1_P3_B2_C075,True,True,1300.83,1289.0,0.2537238169123349,2249.03,2197.5,475.6588789248026,1537.8500000000001,3118.499999999999,0.7192946530147888,1.0,0.3846169713721241,0.3678131934637886,1300.83,1289.0,0.2537238169123349,2249.03,2197.5,475.6588789248026,1537.8500000000001,3118.499999999999,0.7192946530147888,1.0,0.3846169713721241,0.3678131934637886,1300.83,1289.0,0.2537238169123349,4275.235,4157.0,710.9293845207131,3223.75,5752.899999999999,0.6084075054125567,1.0,0.3741953437784652,0.37137525845983155,0.9999999999999998,0.9999999999999998,0.9999999999999998,0.9999999999999997,5,5,5,0,1.0
S1_P3_B2,WIPHFSP_S1_P3_B2_C028,True,True,1391.795,1368.0,0.2976242690058478,3762.53,3672.0,831.3702178331865,2570.7,5347.05,0.7560866013071894,1.0,0.7138392294147803,0.22954453849254333,1391.795,1368.0,0.2976242690058478,3762.53,3672.0,831.3702178331865,2570.7,5347.05,0.7560866013071894,1.0,0.7138392294147803,0.22954453849254333,1391.795,1368.0,0.2976242690058478,6459.18,6313.0,1173.9966642201332,4648.45,8633.15,0.6311896087438618,1.0,0.7323032845149727,0.22131519274376418,0.9999999999999998,0.9999999999999998,0.9999999999999998,0.9999999999999997,1,1,1,0,1.0
S1_P3_B2,WIPHFSP_S1_P3_B2_C095,True,True,1303.86,1292.0,0.2592492260061916,2658.86,2605.5,613.7711710401524,1872.3,3837.0999999999995,0.7540971022836304,1.0,0.5584919672190517,0.3038568187547265,1303.86,1292.0,0.2592492260061916,2658.86,2605.5,613.7711710401524,1872.3,3837.0999999999995,0.7540971022836304,1.0,0.5584919672190517,0.3038568187547265,1303.86,1292.0,0.2592492260061916,4799.665,4664.5,898.6675930370473,3576.65,6452.799999999999,0.6166041376353304,1.0,0.5623352959915726,0.3022986188123803,0.9999999999999998,0.9999999999999998,0.9999999999999998,0.9999999999999997,4,4,4,0,1.0
S1_P3_B2,WIPHFSP_S1_P3_B2_C090,True,True,1365.15,1342.0,0.274552906110283,2906.43,2853.0,532.7807101425501,2120.4,3848.6999999999985,0.6057833859095682,1.0,0.6474664040059654,0.266253401874811,1365.15,1342.0,0.274552906110283,2906.43,2853.0,532.7807101425501,2120.4,3848.6999999999985,0.6057833859095682,1.0,0.6474664040059654,0.266253401874811,1365.15,1342.0,0.274552906110283,5106.345,4991.5,806.9391216039783,4066.55,6690.8499999999985,0.5257537814284279,1.0,0.6301621025056607,0.27280516077008365,0.9999999999999998,0.9999999999999998,0.9999999999999998,0.9999999999999997,3,3,3,0,1.0
S1_P3_B3,WIPHFSP_S1_P3_B3_C039,True,True,1319.365,1291.0,0.3120061967467077,4068.455,4005.0,684.5219119757965,2902.95,5045.7,0.5350187265917602,1.0,0.7205636827185448,0.23561132950307428,1319.365,1291.0,0.3120061967467077,4068.455,4005.0,684.5219119757965,2902.95,5045.7,0.5350187265917602,1.0,0.7205636827185448,0.23561132950307428,1319.365,1291.0,0.3120061967467077,8513.59,8312.5,1091.5349384696763,6874.75,10295.65,0.41153684210526303,1.0,0.7245828960913084,0.23243978635493298,0.9999999999999998,0.9999999999999998,0.9999999999999998,0.9999999999999997,1,1,1,0,1.0
S1_P3_B3,WIPHFSP_S1_P3_B3_C075,True,True,1415.57,1404.0,0.27069088319088297,3678.335,3496.5,889.6396083667813,2365.75,5187.099999999999,0.8069069069069066,1.0,0.6489664188970916,0.2646792224796052,1415.57,1404.0,0.27069088319088297,5927.99,5680.0,1208.748282273857,4176.900000000001,8033.7,0.679014084507042,1.0,0.6718686365181115,0.2517876926175849,1415.57,1404.0,0.27069088319088297,9434.065,9246.0,1584.2518015691194,7126.8,12089.0,0.5366861345446678,1.0,0.7007414074935375,0.23859171955273498,0.9999999999999998,0.9999999999999998,0.9999999999999998,0.9999999999999997,5,5,5,0,1.0
S1_P3_B3,WIPHFSP_S1_P3_B3_C056,True,True,1409.455,1390.0,0.2961870503597119,4197.275,4211.0,525.785487984406,3446.4,5054.0,0.3817620517691759,1.0,0.8823842885906075,0.14764017749092376,1409.455,1390.0,0.2961870503597119,5057.83,5042.0,577.5997672264074,4205.8,6057.15,0.3671856406188019,1.0,0.7940964476057627,0.19965724078834618,1409.455,1390.0,0.2961870503597119,8787.025,8706.0,899.6028870423883,7515.900000000001,10260.599999999995,0.3152653342522391,1.0,0.8137109823138478,0.18984024593055485,0.9999999999999998,0.9999999999999998,0.9999999999999998,0.9999999999999997,3,3,3,0,1.0
S1_P3_B3,WIPHFSP_S1_P3_B3_C066,True,True,1289.28,1268.5,0.28892392589672805,4402.14,4304.5,723.7758633720802,3419.0,5681.0999999999985,0.5255198048553834,1.0,0.7366582476357058,0.22783853247996774,1289.28,1268.5,0.28892392589672805,4804.39,4734.5,798.5774276173852,3710.7,6168.2,0.5190622029781391,1.0,0.7079835353507465,0.24045147636803385,1289.28,1268.5,0.28892392589672805,9202.505,9072.5,1270.9025650989142,7609.75,11484.199999999999,0.42705428492697695,1.0,0.7006839586471978,0.24656084656084656,0.9999999999999998,0.9999999999999998,0.9999999999999998,0.9999999999999997,4,4,4,0,1.0
S1_P3_B3,WIPHFSP_S1_P3_B3_C014,True,True,1522.42,1494.0,0.2971552878179381,2924.165,2919.5,532.75097163215,2108.6,3869.3499999999995,0.6030998458640174,1.0,0.6440110481542303,0.26050589539453795,1522.42,1494.0,0.2971552878179381,5211.105,5168.5,776.379523155396,4101.4,6585.299999999999,0.4805843087936537,1.0,0.6526060817042265,0.2541826244708728,1522.42,1494.0,0.2971552878179381,7883.81,7794.5,1006.9413110504505,6295.2,9717.349999999999,0.4390467637436652,1.0,0.6356689327757123,0.26050377833753147,0.9999999999999998,0.9999999999999998,0.9999999999999998,0.9999999999999997,2,2,2,0,1.0
S1_P4_B1,WIPHFSP_S1_P4_B1_C035,True,True,1562.675,1538.0,0.307639791937581,558.97,510.5,196.7770797120437,312.95,926.5499999999997,1.2019588638589587,1.0,-0.04717004128637564,0.5138650801653726,1562.675,1538.0,0.307639791937581,558.97,510.5,196.7770797120437,312.95,926.5499999999997,1.2019588638589587,1.0,-0.04717004128637564,0.5138650801653726,1562.675,1538.0,0.307639791937581,1875.31,1784.0,488.52329923965755,1221.8999999999999,2716.0,0.8374999999999997,1.0,-0.0837263828166608,0.5272809713335684,0.9999999999999998,0.9999999999999998,0.9999999999999998,0.9999999999999997,1,1,1,0,1.0
S1_P4_B1,WIPHFSP_S1_P4_B1_C084,True,True,1633.21,1626.0,0.29215867158671566,449.9,419.0,156.99675155875042,237.85,750.7499999999997,1.2241050119331705,1.0,0.13651090218839784,0.4549952042001111,1633.21,1626.0,0.29215867158671566,804.17,750.0,270.1011682684842,467.9,1370.9499999999994,1.2040666666666642,1.0,0.08876065626326682,0.4703419751841017,1633.21,1626.0,0.29215867158671566,1553.225,1509.0,395.96821131878755,1051.6,2357.799999999999,0.8656063618290246,1.0,0.15718152711552993,0.4475700746118169,0.9999999999999998,0.9999999999999998,0.9999999999999998,0.9999999999999997,2,2,2,0,1.0
S1_P4_B1,WIPHFSP_S1_P4_B1_C074,True,True,1391.06,1377.5,0.2731034482758619,640.235,582.0,306.4203155389668,307.59999999999997,1284.5499999999981,1.6786082474226744,1.0,-0.04047981747178184,0.5129886506935687,1391.06,1377.5,0.2731034482758619,640.235,582.0,306.4203155389668,307.59999999999997,1284.5499999999981,1.6786082474226744,1.0,-0.04047981747178184,0.5129886506935687,1391.06,1377.5,0.2731034482758619,2004.42,1850.5,687.4744894176074,1202.1,3626.2499999999995,1.3099972980275594,1.0,-0.07824663515070333,0.5266898533192197,0.9999999999999998,0.9999999999999998,0.9999999999999998,0.9999999999999997,3,3,3,0,1.0
S1_P4_B1,WIPHFSP_S1_P4_B1_C067,True,True,1262.345,1244.0,0.2641077170418006,863.555,824.5,274.7065652200544,494.95,1368.1499999999996,1.0590661006670692,1.0,0.6624433063045065,0.2612467218075449,1262.345,1244.0,0.2641077170418006,1048.515,993.5,297.17245796843287,645.5,1570.6999999999998,0.931253145445394,1.0,0.6160286996908632,0.2795904987644359,1262.345,1244.0,0.2641077170418006,2408.33,2335.0,588.9275601464071,1628.55,3415.599999999999,0.7653319057815838,1.0,0.6215954819055165,0.2772177419354839,0.9999999999999998,0.9999999999999998,0.9999999999999998,0.9999999999999997,4,4,4,0,1.0
S1_P4_B1,WIPHFSP_S1_P4_B1_C002,True,True,1230.625,1215.5,0.24422048539695573,1041.73,978.0,368.2741602393521,554.3,1780.3499999999997,1.2536298568507143,1.0,0.5631427361418889,0.3048344003629581,1230.625,1215.5,0.24422048539695573,1041.73,978.0,368.2741602393521,554.3,1780.3499999999997,1.2536298568507143,1.0,0.5631427361418889,0.3048344003629581,1230.625,1215.5,0.24422048539695573,2859.465,2763.5,748.1610981433076,1830.85,4284.0999999999985,0.887732947349375,1.0,0.47954312269731103,0.33649145794486723,0.9999999999999998,0.9999999999999998,0.9999999999999998,0.9999999999999997,5,5,5,0,1.0
S1_P4_B2,WIPHFSP_S1_P4_B2_C090,True,True,1629.94,1607.0,0.37009956440572445,1352.575,1262.0,368.3169211087104,923.7,2050.7499999999995,0.8930665610142621,1.0,0.10697862625225167,0.46483627204030226,1629.94,1607.0,0.37009956440572445,1352.575,1262.0,368.3169211087104,923.7,2050.7499999999995,0.8930665610142621,1.0,0.10697862625225167,0.46483627204030226,1629.94,1607.0,0.37009956440572445,2821.765,2709.0,639.4122064638741,2043.9,3968.5499999999997,0.7104651162790694,1.0,0.11625636824137942,0.46183282980866064,0.9999999999999998,0.9999999999999998,0.9999999999999998,0.9999999999999997,1,1,1,0,1.0
S1_P4_B2,WIPHFSP_S1_P4_B2_C038,True,True,1300.44,1289.5,0.3064366033346255,1806.77,1735.0,569.307805233689,1071.55,2872.5999999999963,1.038069164265127,1.0,-0.014818464993140735,0.5052154195011338,1300.44,1289.5,0.3064366033346255,1806.77,1735.0,569.307805233689,1071.55,2872.5999999999963,1.038069164265127,1.0,-0.014818464993140735,0.5052154195011338,1300.44,1289.5,0.3064366033346255,3479.21,3362.5,875.6559403669913,2365.0,5163.799999999996,0.8323568773234186,1.0,0.0025081200766382495,0.4999496120124962,0.9999999999999998,0.9999999999999998,0.9999999999999998,0.9999999999999997,5,5,5,0,1.0
S1_P4_B2,WIPHFSP_S1_P4_B2_C004,True,True,1319.65,1295.5,0.33585488228483196,1576.675,1527.0,421.63857671588823,995.95,2302.1,0.8553700065487879,1.0,0.11716680931479444,0.45997074105836655,1319.65,1295.5,0.33585488228483196,1576.675,1527.0,421.63857671588823,995.95,2302.1,0.8553700065487879,1.0,0.11716680931479444,0.45997074105836655,1319.65,1295.5,0.33585488228483196,3165.515,3090.0,685.2191764501341,2216.8999999999996,4259.499999999997,0.6610355987055007,1.0,0.13073706556743533,0.4534408873203932,0.9999999999999998,0.9999999999999998,0.9999999999999998,0.9999999999999997,3,3,3,0,1.0
S1_P4_B2,WIPHFSP_S1_P4_B2_C011,True,True,1360.285,1341.0,0.3486204325130496,1359.945,1282.0,415.2320579808356,850.0,2136.6499999999996,1.0036271450858025,1.0,0.007449401336614868,0.4968233158531666,1360.285,1341.0,0.3486204325130496,1359.945,1282.0,415.2320579808356,850.0,2136.6499999999996,1.0036271450858025,1.0,0.007449401336614868,0.4968233158531666,1360.285,1341.0,0.3486204325130496,2763.615,2607.5,671.1283385277364,1843.15,3953.5499999999993,0.8093576222435277,1.0,0.06175416016952675,0.4796170319979844,0.9999999999999998,0.9999999999999998,0.9999999999999998,0.9999999999999997,2,2,2,0,1.0
S1_P4_B2,WIPHFSP_S1_P4_B2_C040,True,True,1492.325,1469.0,0.33447923757658166,1464.475,1420.0,367.25514206747334,1010.0,2112.599999999999,0.7764788732394354,1.0,0.0823200321644259,0.4719967737057015,1492.325,1469.0,0.33447923757658166,1464.475,1420.0,367.25514206747334,1010.0,2112.599999999999,0.7764788732394354,1.0,0.0823200321644259,0.4719967737057015,1492.325,1469.0,0.33447923757658166,3032.785,2934.5,627.7414187187269,2213.75,4086.149999999998,0.6380644062020778,1.0,0.05443779748751558,0.4804815393139576,0.9999999999999998,0.9999999999999998,0.9999999999999998,0.9999999999999997,4,4,4,0,1.0
S1_P4_B3,WIPHFSP_S1_P4_B3_C045,True,True,1539.31,1505.5,0.3442710063101956,1752.72,1709.0,373.76496839591584,1198.5,2439.5499999999997,0.7261849034523108,1.0,0.03734799602184986,0.48755416708656657,1539.31,1505.5,0.3442710063101956,3065.345,2970.5,638.4068107210323,2162.0499999999997,4348.799999999999,0.7361555293721592,1.0,0.06671956930174418,0.4779519225923499,1539.31,1505.5,0.3442710063101956,5665.11,5564.0,911.1536576780011,4373.25,7374.0,0.5393152408339323,1.0,0.056451658274202565,0.48017732104176114,0.9999999999999998,0.9999999999999998,0.9999999999999998,0.9999999999999997,1,1,1,0,1.0
S1_P4_B3,WIPHFSP_S1_P4_B3_C010,True,True,1457.47,1435.5,0.2917102055033086,1971.24,1889.0,484.28515608058854,1377.65,2805.7999999999993,0.7560349391212273,1.0,0.08331326987464464,0.47175610985134797,1457.47,1435.5,0.2917102055033086,3468.03,3334.0,768.1243448166449,2545.8,4720.999999999999,0.6524295140971801,1.0,0.058889731019661315,0.47984886649874053,1457.47,1435.5,0.2917102055033086,6213.28,5991.0,1057.8497916055946,4858.95,8278.549999999997,0.5707895176097475,1.0,0.07136168440827559,0.47486146095717885,0.9999999999999998,0.9999999999999998,0.9999999999999998,0.9999999999999997,5,5,5,0,1.0
S1_P4_B3,WIPHFSP_S1_P4_B3_C079,True,True,1316.9,1301.0,0.2934665641813989,1702.685,1624.5,482.78524809173695,1117.8,2566.7,0.8919052016004919,1.0,-0.01897116130288906,0.5080677692617991,1316.9,1301.0,0.2934665641813989,3405.93,3283.5,768.2030559038411,2394.25,4762.85,0.7213643977463072,1.0,-0.026690867913294107,0.5094501285217479,1316.9,1301.0,0.2934665641813989,5560.665,5405.0,1027.76942588063,4207.0,7370.45,0.585282146160962,1.0,-0.024447512108397806,0.5078629032258064,0.9999999999999998,0.9999999999999998,0.9999999999999998,0.9999999999999997,4,4,4,0,1.0
S1_P4_B3,WIPHFSP_S1_P4_B3_C043,True,True,1375.695,1361.0,0.32939015429831,2461.43,2388.0,511.82383209459874,1677.75,3452.7999999999997,0.7433207705192626,1.0,0.024924602164406465,0.4894121206009882,1375.695,1361.0,0.32939015429831,3625.45,3540.0,657.1430494953134,2700.55,4988.95,0.6464406779661014,1.0,0.019023614232440002,0.4946068548387097,1375.695,1361.0,0.32939015429831,6829.21,6703.0,967.7768729929436,5494.099999999999,8712.699999999999,0.48017305684022066,1.0,0.023884947239646303,0.490904509952129,0.9999999999999998,0.9999999999999998,0.9999999999999998,0.9999999999999997,2,2,2,0,1.0
S1_P4_B3,WIPHFSP_S1_P4_B3_C081,True,True,1334.07,1329.0,0.3019563581640329,1494.6,1412.5,383.8046117492597,1027.95,2311.5499999999997,0.9087433628318576,1.0,0.11228980094615827,0.46149967223034644,1334.07,1329.0,0.3019563581640329,3080.27,2940.5,631.0481971291891,2266.25,4401.749999999998,0.7262370345179383,1.0,0.13032633713838668,0.45575934697168197,1334.07,1329.0,0.3019563581640329,5156.75,5033.0,859.4389085327706,3972.75,6828.799999999998,0.5674647327637588,1.0,0.13015996000287794,0.4564001813510654,0.9999999999999998,0.9999999999999998,0.9999999999999998,0.9999999999999997,3,3,3,0,1.0
S2_P1_B1,WIPHFSP_S2_P1_B1_C034,True,True,1584.5,1584.0,0.20612373737373726,2111.395,2082.0,476.02222529520617,1380.75,2944.25,0.7509606147934675,1.0,0.4989445064488326,0.32904819520064527,1584.5,1584.0,0.20612373737373726,2111.395,2082.0,476.02222529520617,1380.75,2944.25,0.7509606147934675,1.0,0.4989445064488326,0.32904819520064527,1584.5,1584.0,0.20612373737373726,5746.59,5695.5,991.298154895892,4269.8,7422.95,0.5536212799578614,1.0,0.44307221523290874,0.3499068057024835,0.9999999999999998,0.9999999999999998,0.9999999999999998,0.9999999999999997,4,4,4,0,1.0
S2_P1_B1,WIPHFSP_S2_P1_B1_C042,True,True,1479.06,1469.0,0.24693669162695697,2044.185,1984.0,492.71090994111347,1362.25,2995.7499999999995,0.8233366935483865,1.0,0.45026238295582044,0.3431496142403308,1479.06,1469.0,0.24693669162695697,2044.185,1984.0,492.71090994111347,1362.25,2995.7499999999995,0.8233366935483865,1.0,0.45026238295582044,0.3431496142403308,1479.06,1469.0,0.24693669162695697,5563.585,5442.0,1045.4601344742898,4217.35,7514.3499999999985,0.6058434399117967,1.0,0.42660541866771395,0.353125,0.9999999999999998,0.9999999999999998,0.9999999999999998,0.9999999999999997,3,3,3,0,1.0
S2_P1_B1,WIPHFSP_S2_P1_B1_C016,True,True,1604.72,1579.5,0.25612535612535564,2270.93,2219.5,560.9942736784396,1536.5500000000002,3218.2499999999977,0.757693174138318,1.0,0.2164493560564964,0.42610229276895945,1604.72,1579.5,0.25612535612535564,2270.93,2219.5,560.9942736784396,1536.5500000000002,3218.2499999999977,0.757693174138318,1.0,0.2164493560564964,0.42610229276895945,1604.72,1579.5,0.25612535612535564,6081.08,5971.0,1147.2117562159133,4599.25,8085.149999999999,0.5838050577792662,1.0,0.14773757296548648,0.4482567513099557,0.9999999999999998,0.9999999999999998,0.9999999999999998,0.9999999999999997,2,2,2,0,1.0
S2_P1_B1,WIPHFSP_S2_P1_B1_C063,True,True,1580.58,1555.5,0.26975249116039834,2292.635,2239.0,492.918707065374,1643.05,3329.45,0.7531933899062078,1.0,0.5862600973783703,0.2896739404323943,1580.58,1555.5,0.26975249116039834,2292.635,2239.0,492.918707065374,1643.05,3329.45,0.7531933899062078,1.0,0.5862600973783703,0.2896739404323943,1580.58,1555.5,0.26975249116039834,6091.08,5972.5,989.1317069025743,4669.599999999999,8120.9,0.5778652155713687,1.0,0.572466776451453,0.2976076555023923,0.9999999999999998,0.9999999999999998,0.9999999999999998,0.9999999999999997,1,1,1,0,1.0
S2_P1_B1,WIPHFSP_S2_P1_B1_C037,True,True,1487.57,1477.0,0.20084631008801618,2333.165,2297.0,537.2783894546662,1603.9,3235.249999999999,0.7102089682194159,1.0,0.41280599095571563,0.3573482669895565,1487.57,1477.0,0.20084631008801618,2333.165,2297.0,537.2783894546662,1603.9,3235.249999999999,0.7102089682194159,1.0,0.41280599095571563,0.3573482669895565,1487.57,1477.0,0.20084631008801618,6214.755,6130.5,1091.5491308113437,4669.0,8048.549999999997,0.5512682489193372,1.0,0.3825420852480699,0.36725016395096605,0.9999999999999998,0.9999999999999998,0.9999999999999998,0.9999999999999997,5,5,5,0,1.0
S2_P1_B2,WIPHFSP_S2_P1_B2_C096,True,True,1517.265,1517.5,0.21123558484349228,5727.655,5581.5,1034.4602196193916,4290.15,7461.649999999998,0.568216429275284,1.0,0.5347684249687722,0.30899838774687627,1517.265,1517.5,0.21123558484349228,5727.655,5581.5,1034.4602196193916,4290.15,7461.649999999998,0.568216429275284,1.0,0.5347684249687722,0.30899838774687627,1517.265,1517.5,0.21123558484349228,10173.43,10033.0,1480.7455470471623,8129.849999999999,12721.7,0.4576746735771953,1.0,0.5346989242894196,0.30988257823917753,0.9999999999999998,0.9999999999999998,0.9999999999999998,0.9999999999999997,3,3,3,0,1.0
S2_P1_B2,WIPHFSP_S2_P1_B2_C032,True,True,1587.94,1569.0,0.18852772466539183,5166.065,5092.0,791.8240718587683,4080.2999999999997,6553.199999999999,0.4856441476826392,1.0,0.36444623965218653,0.3753467493821556,1587.94,1569.0,0.18852772466539183,5166.065,5092.0,791.8240718587683,4080.2999999999997,6553.199999999999,0.4856441476826392,1.0,0.36444623965218653,0.3753467493821556,1587.94,1569.0,0.18852772466539183,9493.405,9365.0,1186.1365481996581,7919.65,11476.849999999993,0.3798398291510937,1.0,0.30525954991111764,0.39630918166691875,0.9999999999999998,0.9999999999999998,0.9999999999999998,0.9999999999999997,5,5,5,0,1.0
S2_P1_B2,WIPHFSP_S2_P1_B2_C025,True,True,1508.7,1505.5,0.21265360345400192,5007.49,4821.0,960.9617109437816,3739.4500000000003,6528.999999999999,0.5786247666459238,1.0,0.09955526289873137,0.46631366616238024,1508.7,1505.5,0.21265360345400192,5007.49,4821.0,960.9617109437816,3739.4500000000003,6528.999999999999,0.5786247666459238,1.0,0.09955526289873137,0.46631366616238024,1508.7,1505.5,0.21265360345400192,9269.97,9109.5,1402.4521985080275,7373.05,11346.299999999997,0.43616554146769815,1.0,0.0620425227632484,0.4797600443615466,0.9999999999999998,0.9999999999999998,0.9999999999999998,0.9999999999999997,2,2,2,0,1.0
S2_P1_B2,WIPHFSP_S2_P1_B2_C076,True,True,1581.125,1565.0,0.2276038338658146,5978.805,5893.0,958.0813519607821,4706.85,7495.099999999998,0.47314610554895586,1.0,0.2691800261907586,0.40769114459956657,1581.125,1565.0,0.2276038338658146,5978.805,5893.0,958.0813519607821,4706.85,7495.099999999998,0.47314610554895586,1.0,0.2691800261907586,0.40769114459956657,1581.125,1565.0,0.2276038338658146,10729.465,10611.5,1381.3041803943836,8874.75,13068.399999999998,0.39519860528671696,1.0,0.25536736688605943,0.41250566836297675,0.9999999999999998,0.9999999999999998,0.9999999999999998,0.9999999999999997,1,1,1,0,1.0
S2_P1_B2,WIPHFSP_S2_P1_B2_C027,True,True,1480.42,1474.0,0.20454545454545425,5765.225,5678.0,999.7116156047202,4473.9,7374.449999999999,0.5108400845368085,1.0,0.4654566363314739,0.34216502649507946,1480.42,1474.0,0.20454545454545425,5765.225,5678.0,999.7116156047202,4473.9,7374.449999999999,0.5108400845368085,1.0,0.4654566363314739,0.34216502649507946,1480.42,1474.0,0.20454545454545425,10247.495,10116.0,1463.882683132429,8201.85,12413.149999999996,0.4163009094503751,1.0,0.44495356104356587,0.35040363269424823,0.9999999999999998,0.9999999999999998,0.9999999999999998,0.9999999999999997,4,4,4,0,1.0
S2_P1_B3,WIPHFSP_S2_P1_B3_C090,True,True,1561.665,1537.5,0.2545040650406501,7467.88,7261.0,1216.416559242762,5757.049999999999,9665.899999999996,0.538334940090896,1.0,0.15360761148432747,0.44601885936160557,1561.665,1537.5,0.2545040650406501,11314.865,10993.5,1558.3167093935047,9154.05,14007.549999999997,0.441488152089871,1.0,0.15410451474586684,0.4459180071605063,1561.665,1537.5,0.2545040650406501,17921.33,17647.0,1978.0796902804498,15283.15,21425.25,0.34805349351164505,1.0,0.2138542266786536,0.4267278318294097,0.9999999999999998,0.9999999999999998,0.9999999999999998,0.9999999999999997,1,1,1,0,1.0
S2_P1_B3,WIPHFSP_S2_P1_B3_C009,True,True,1615.765,1595.5,0.23801316201817585,5086.965,4924.5,949.9977914579591,3753.1,6902.699999999999,0.6395776220936132,1.0,-0.014565322316879872,0.5048871422813381,1615.765,1595.5,0.23801316201817585,7947.18,7762.0,1270.0516712323165,6080.9,10233.849999999999,0.5350360731770161,1.0,-0.046272680607261044,0.5151896820998539,1615.765,1595.5,0.23801316201817585,13669.165,13403.5,1680.7908994800632,11355.650000000001,16556.25,0.38800313350990395,1.0,0.00436070386361209,0.49838790931989924,0.9999999999999998,0.9999999999999998,0.9999999999999998,0.9999999999999997,2,2,2,0,1.0
S2_P1_B3,WIPHFSP_S2_P1_B3_C013,True,True,1446.95,1445.5,0.18778969214804542,6201.555,6074.5,1078.0276652178272,4754.7,8038.199999999998,0.5405383159107742,1.0,0.6265588304292721,0.2748322655501185,1446.95,1445.5,0.18778969214804542,10800.83,10643.5,1528.399872775446,8647.85,13442.399999999998,0.45046742143091995,1.0,0.6121406955074725,0.2803309287191646,1446.95,1445.5,0.18778969214804542,15865.8,15776.0,1896.4005932291836,13296.4,19211.8,0.3749619675456389,1.0,0.6281037857825954,0.27343355867218244,0.9999999999999998,0.9999999999999998,0.9999999999999998,0.9999999999999997,5,5,5,0,1.0
S2_P1_B3,WIPHFSP_S2_P1_B3_C095,True,True,1503.655,1485.5,0.21844496802423366,5248.57,5201.0,777.6601989943937,4111.3,6689.349999999999,0.49568352239953833,1.0,0.011420213769579295,0.49578729630190205,1503.655,1485.5,0.21844496802423366,9508.275,9495.0,1154.4710257841034,7868.4,11774.5,0.4113849394418114,1.0,0.016379892609951666,0.49409746746039757,1503.655,1485.5,0.21844496802423366,14351.17,14398.5,1456.952669478319,12384.949999999999,17109.399999999998,0.328120984824808,1.0,0.05028831761730432,0.4820176544766709,0.9999999999999998,0.9999999999999998,0.9999999999999998,0.9999999999999997,3,3,3,0,1.0
S2_P1_B3,WIPHFSP_S2_P1_B3_C027,True,True,1509.525,1493.0,0.1883456128600133,6732.925,6533.0,1034.4289822771789,5398.900000000001,8466.499999999998,0.4695545691106685,1.0,0.4801695869253599,0.3273773470623864,1509.525,1493.0,0.1883456128600133,11656.84,11414.5,1463.5883213526952,9748.4,14350.049999999997,0.4031407420386348,1.0,0.4826160856735722,0.3271763815291446,1509.525,1493.0,0.1883456128600133,17023.32,16710.0,1811.83314838867,14693.0,20289.85,0.33494015559545176,1.0,0.505368678633018,0.31783767413688674,0.9999999999999998,0.9999999999999998,0.9999999999999998,0.9999999999999997,4,4,4,0,1.0
S2_P2_B1,WIPHFSP_S2_P2_B1_C001,True,True,1712.99,1685.5,0.2522396914862057,4225.34,4099.5,989.0463762635197,2906.7000000000003,6017.749999999996,0.758885229906085,1.0,0.8147034901181252,0.17978433941348382,1712.99,1685.5,0.2522396914862057,6437.8,6203.0,1417.0396218878286,4492.2,9143.549999999996,0.7498549089150404,1.0,0.7822922457612602,0.19826674056532473,1712.99,1685.5,0.2522396914862057,10124.45,9853.0,1864.4942015195434,7725.05,13455.050000000001,0.5815487668730336,1.0,0.794385752164104,0.19147435251436057,0.9999999999999998,0.9999999999999998,0.9999999999999998,0.9999999999999997,2,2,2,0,1.0
S2_P2_B1,WIPHFSP_S2_P2_B1_C086,True,True,1475.305,1452.0,0.26329201101928373,3189.925,2992.5,817.2759260953426,2188.3500000000004,4884.599999999999,0.9010025062656636,1.0,0.6286340246622519,0.2686221147061788,1475.305,1452.0,0.26329201101928373,3189.925,2992.5,817.2759260953426,2188.3500000000004,4884.599999999999,0.9010025062656636,1.0,0.6286340246622519,0.2686221147061788,1475.305,1452.0,0.26329201101928373,7909.285,7585.0,1579.1213486540546,5825.5,11079.899999999998,0.6927356624917597,1.0,0.6229546499055768,0.2699052610360814,0.9999999999999998,0.9999999999999998,0.9999999999999998,0.9999999999999997,1,1,1,0,1.0
S2_P2_B1,WIPHFSP_S2_P2_B1_C089,True,True,1590.885,1565.5,0.25055892686042786,3838.315,3674.5,801.1830850529734,2755.5499999999997,5244.25,0.6772894271329432,1.0,0.8128821450638254,0.18766066838046272,1590.885,1565.5,0.25055892686042786,3838.315,3674.5,801.1830850529734,2755.5499999999997,5244.25,0.6772894271329432,1.0,0.8128821450638254,0.18766066838046272,1590.885,1565.5,0.25055892686042786,9199.225,8878.0,1523.5764681744727,7194.150000000001,11930.3,0.533470376210858,1.0,0.8084840758885016,0.1897368686359512,0.9999999999999998,0.9999999999999998,0.9999999999999998,0.9999999999999997,3,3,3,0,1.0
S2_P2_B1,WIPHFSP_S2_P2_B1_C022,True,True,1575.52,1554.5,0.24879382438082925,3570.47,3310.5,961.2323179648091,2475.6,5392.999999999998,0.881256607763177,1.0,0.651879653425767,0.26044659509047835,1575.52,1554.5,0.24879382438082925,3570.47,3310.5,961.2323179648091,2475.6,5392.999999999998,0.881256607763177,1.0,0.651879653425767,0.26044659509047835,1575.52,1554.5,0.24879382438082925,8750.94,8372.5,1808.9200386971227,6720.7,12244.15,0.659713347267841,1.0,0.6156339162282977,0.27446336793308473,0.9999999999999998,0.9999999999999998,0.9999999999999998,0.9999999999999997,4,4,4,0,1.0
S2_P2_B1,WIPHFSP_S2_P2_B1_C006,True,True,1571.63,1564.5,0.24765100671140913,3867.595,3711.0,804.0931295409755,2875.95,5059.5999999999985,0.588426300188628,1.0,0.8139375196975841,0.18851756640959727,1571.63,1564.5,0.24765100671140913,3867.595,3711.0,804.0931295409755,2875.95,5059.5999999999985,0.588426300188628,1.0,0.8139375196975841,0.18851756640959727,1571.63,1564.5,0.24765100671140913,9162.07,8828.0,1520.1282035078489,7193.4,11446.199999999999,0.48173991844132286,1.0,0.7922425084340755,0.19907267412559218,0.9999999999999998,0.9999999999999998,0.9999999999999998,0.9999999999999997,5,5,5,0,1.0
S2_P2_B2,WIPHFSP_S2_P2_B2_C023,True,True,1629.91,1613.0,0.2788282703037816,9833.385,9447.5,1867.319623624997,7556.5,13714.349999999993,0.6517967716327062,1.0,0.7114805571276808,0.229578459056071,1629.91,1613.0,0.2788282703037816,9833.385,9447.5,1867.319623624997,7556.5,13714.349999999993,0.6517967716327062,1.0,0.7114805571276808,0.229578459056071,1629.91,1613.0,0.2788282703037816,16198.985,15585.0,2644.7216705685687,13014.65,21813.049999999992,0.5645428296438878,1.0,0.7300856550233604,0.22026720443660197,0.9999999999999998,0.9999999999999998,0.9999999999999998,0.9999999999999997,2,2,2,0,1.0
S2_P2_B2,WIPHFSP_S2_P2_B2_C082,True,True,1508.895,1486.5,0.28237470568449347,8893.305,8531.5,1622.5703565562264,6807.400000000001,11930.349999999997,0.600474711363769,1.0,0.7399634134271155,0.2217073784940821,1508.895,1486.5,0.28237470568449347,8893.305,8531.5,1622.5703565562264,6807.400000000001,11930.349999999997,0.600474711363769,1.0,0.7399634134271155,0.2217073784940821,1508.895,1486.5,0.28237470568449347,14647.035,14113.5,2305.5006839675843,11826.35,18893.899999999998,0.5007652247847802,1.0,0.755848869476245,0.21231048204301617,0.9999999999999998,0.9999999999999998,0.9999999999999998,0.9999999999999997,1,1,1,0,1.0
S2_P2_B2,WIPHFSP_S2_P2_B2_C017,True,True,1576.695,1557.0,0.22967244701348685,8488.29,8237.5,1390.0473646246735,6734.55,11065.699999999999,0.5257845220030346,1.0,0.6707090187950054,0.25742524330593514,1576.695,1557.0,0.22967244701348685,8488.29,8237.5,1390.0473646246735,6734.55,11065.699999999999,0.5257845220030346,1.0,0.6707090187950054,0.25742524330593514,1576.695,1557.0,0.22967244701348685,14239.91,13814.0,1963.0365997352164,11719.2,17929.65,0.44957651657738523,1.0,0.659378763359825,0.26223970150758835,0.9999999999999998,0.9999999999999998,0.9999999999999998,0.9999999999999997,4,4,4,0,1.0
S2_P2_B2,WIPHFSP_S2_P2_B2_C013,True,True,1519.525,1495.0,0.2567892976588625,7754.8,7448.5,1667.565542939767,5656.35,10607.999999999993,0.6647848560112763,1.0,0.5634527192102133,0.2889628397115918,1519.525,1495.0,0.2567892976588625,7754.8,7448.5,1667.565542939767,5656.35,10607.999999999993,0.6647848560112763,1.0,0.5634527192102133,0.2889628397115918,1519.525,1495.0,0.2567892976588625,13156.215,12724.0,2369.0364114498116,10196.099999999999,17427.84999999999,0.5683550770198045,1.0,0.5675346166122063,0.2877886457598064,0.9999999999999998,0.9999999999999998,0.9999999999999998,0.9999999999999997,3,3,3,0,1.0
S2_P2_B2,WIPHFSP_S2_P2_B2_C089,True,True,1479.865,1466.0,0.21292633015006798,7620.55,7403.5,1222.7317561509556,6020.45,9786.199999999999,0.5086445600054027,1.0,0.6963740197610412,0.24010886548057053,1479.865,1466.0,0.21292633015006798,7620.55,7403.5,1222.7317561509556,6020.45,9786.199999999999,0.5086445600054027,1.0,0.6963740197610412,0.24010886548057053,1479.865,1466.0,0.21292633015006798,12743.23,12572.5,1715.0666771586461,10396.85,15623.599999999997,0.41572877311592726,1.0,0.7071880577618164,0.2347663928229424,0.9999999999999998,0.9999999999999998,0.9999999999999998,0.9999999999999997,5,5,5,0,1.0
S2_P2_B3,WIPHFSP_S2_P2_B3_C089,True,True,1692.05,1677.0,0.23637447823494329,9674.29,9353.5,1486.2583005319095,7745.25,12483.45,0.5065697332549313,1.0,0.7940636554769868,0.19214678159181411,1692.05,1677.0,0.23637447823494329,15224.325,14820.0,2045.9235419181723,12645.0,19067.100000000002,0.43334008097166,1.0,0.8067542667130471,0.18328460530295393,1692.05,1677.0,0.23637447823494329,22292.04,21790.5,2656.671563893437,18673.25,27161.899999999998,0.3895573759206993,1.0,0.8223687470446214,0.1759576612903226,0.9999999999999998,0.9999999999999998,0.9999999999999998,0.9999999999999997,2,2,2,0,1.0
S2_P2_B3,WIPHFSP_S2_P2_B3_C030,True,True,1553.135,1543.0,0.2165262475696693,8750.935,8579.0,1313.2415393883182,6814.549999999999,11383.35,0.5325562419862455,1.0,0.7386540622537937,0.2197469885590444,1553.135,1543.0,0.2165262475696693,14465.47,14263.0,1832.0909854862557,11780.45,17955.4,0.43293486643763585,1.0,0.7408664837658042,0.21886183779424367,1553.135,1543.0,0.2165262475696693,20480.665,20264.0,2300.658912741087,17185.45,24668.05,0.3692558231346229,1.0,0.7611237391106414,0.21097726929086236,0.9999999999999998,0.9999999999999998,0.9999999999999998,0.9999999999999997,4,4,4,0,1.0
S2_P2_B3,WIPHFSP_S2_P2_B3_C019,True,True,1496.795,1481.0,0.2533760972316001,7307.945,7086.5,1265.0250637734416,5635.9,9214.300000000001,0.5049601354688493,1.0,0.701589422239707,0.24186633039092056,1496.795,1481.0,0.2533760972316001,12465.295,12244.0,1801.563120730162,10148.45,15160.149999999998,0.4093188500490033,1.0,0.6926109120556793,0.24520976200080677,1496.795,1481.0,0.2533760972316001,18022.515,17726.5,2270.93656445419,15068.95,21415.7,0.3580374016303275,1.0,0.7068762491731714,0.23841460339871917,0.9999999999999998,0.9999999999999998,0.9999999999999998,0.9999999999999997,1,1,1,0,1.0
S2_P2_B3,WIPHFSP_S2_P2_B3_C020,True,True,1503.615,1491.0,0.22012072434607635,7767.03,7522.0,1328.5793198375472,5905.95,10145.35,0.5636001063546929,1.0,0.7048900048953223,0.2437745740498034,1503.615,1491.0,0.22012072434607635,13075.065,12751.5,1897.3302429400633,10393.05,16658.85,0.49137748500176437,1.0,0.706247204032862,0.24221191652384313,1503.615,1491.0,0.22012072434607635,18735.76,18302.0,2403.9041188034103,15445.699999999999,23175.2,0.42233089279860137,1.0,0.7205172133514602,0.2355965522455769,0.9999999999999998,0.9999999999999998,0.9999999999999998,0.9999999999999997,3,3,3,0,1.0
S2_P2_B3,WIPHFSP_S2_P2_B3_C050,True,True,1471.375,1455.5,0.21607694950188924,8369.49,8093.5,1211.8157986674378,6644.95,10295.849999999999,0.45109038117007455,1.0,0.6915443297915587,0.25039052658100275,1471.375,1455.5,0.21607694950188924,12278.86,11979.0,1539.4458939501576,10001.1,14741.599999999999,0.39573420151932526,1.0,0.708931329257501,0.24197692578971233,1471.375,1455.5,0.21607694950188924,18748.435,18297.5,2027.6904314453427,15748.550000000001,22014.8,0.34246481759803243,1.0,0.733761202813302,0.22837422540178345,0.9999999999999998,0.9999999999999998,0.9999999999999998,0.9999999999999997,5,5,5,0,1.0
S2_P3_B1,WIPHFSP_S2_P3_B1_C054,True,True,1599.395,1593.5,0.2253843740194537,2905.79,2883.0,621.8278989398915,2047.1,3966.499999999999,0.6657648283038496,1.0,0.6756931294218809,0.2485383064516129,1599.395,1593.5,0.2253843740194537,2905.79,2883.0,621.8278989398915,2047.1,3966.499999999999,0.6657648283038496,1.0,0.6756931294218809,0.2485383064516129,1599.395,1593.5,0.2253843740194537,7313.24,7199.5,1230.6767822625077,5533.45,9437.9,0.542322383498854,1.0,0.672285692180632,0.24911821021868386,0.9999999999999998,0.9999999999999998,0.9999999999999998,0.9999999999999997,4,4,4,0,1.0
S2_P3_B1,WIPHFSP_S2_P3_B1_C011,True,True,1465.395,1461.0,0.2252224503764543,2266.59,2204.5,501.74849466640154,1534.8,3096.4999999999995,0.7084146064867312,1.0,0.6331963886258668,0.26873046284158514,1465.395,1461.0,0.2252224503764543,2597.8,2526.0,551.2796023797724,1816.5,3562.2,0.6910926365795721,1.0,0.5789792056495284,0.2933111547961087,1465.395,1461.0,0.2252224503764543,5904.035,5868.0,992.6824637188873,4428.7,7692.649999999997,0.556228698023176,1.0,0.6075256438633462,0.2801209372637944,0.9999999999999998,0.9999999999999998,0.9999999999999998,0.9999999999999997,5,5,5,0,1.0
S2_P3_B1,WIPHFSP_S2_P3_B1_C001,True,True,1629.705,1616.0,0.24374999999999977,2221.955,2198.0,430.4096803918332,1602.3,2935.9999999999995,0.6067788898999086,1.0,0.5074939978585099,0.32080036288493524,1629.705,1616.0,0.24374999999999977,2221.955,2198.0,430.4096803918332,1602.3,2935.9999999999995,0.6067788898999086,1.0,0.5074939978585099,0.32080036288493524,1629.705,1616.0,0.24374999999999977,5883.21,5848.5,849.188710417184,4626.900000000001,7352.049999999997,0.4659570830127377,1.0,0.43718397733701636,0.3465007305890059,0.9999999999999998,0.9999999999999998,0.9999999999999998,0.9999999999999997,2,2,2,0,1.0
S2_P3_B1,WIPHFSP_S2_P3_B1_C073,True,True,1826.645,1811.0,0.26358365543898354,3372.98,3336.0,724.9948617748956,2309.5499999999997,4634.2,0.696837529976019,1.0,0.8357515679173526,0.17716099133588556,1826.645,1811.0,0.26358365543898354,3965.72,3949.5,777.8283304174514,2839.85,5190.9,0.5952778832763639,1.0,0.7945725111916624,0.1990626417376405,1826.645,1811.0,0.26358365543898354,8182.0,8113.0,1397.139620796719,6063.950000000001,10482.599999999999,0.5446382349315909,1.0,0.8283657906033907,0.18010982921053958,0.9999999999999998,0.9999999999999998,0.9999999999999998,0.9999999999999997,1,1,1,0,1.0
S2_P3_B1,WIPHFSP_S2_P3_B1_C027,True,True,1649.165,1636.0,0.2391809290953542,2871.37,2784.0,588.6161254162172,2122.9,3781.8999999999965,0.5959051724137916,1.0,0.7672725446069729,0.20868601370415155,1649.165,1636.0,0.2391809290953542,2871.37,2784.0,588.6161254162172,2122.9,3781.8999999999965,0.5959051724137916,1.0,0.7672725446069729,0.20868601370415155,1649.165,1636.0,0.2391809290953542,7152.95,6996.5,1121.7732290886604,5665.65,9067.349999999997,0.4862002429786317,1.0,0.7442376854910531,0.22005641180618515,0.9999999999999998,0.9999999999999998,0.9999999999999998,0.9999999999999997,3,3,3,0,1.0
S2_P3_B2,WIPHFSP_S2_P3_B2_C046,True,True,1695.535,1664.5,0.2795734454791225,6911.565,6764.5,1011.9448432473976,5382.05,8563.699999999997,0.4703451844186557,1.0,0.7479627204058733,0.22463476070528968,1695.535,1664.5,0.2795734454791225,6911.565,6764.5,1011.9448432473976,5382.05,8563.699999999997,0.4703451844186557,1.0,0.7479627204058733,0.22463476070528968,1695.535,1664.5,0.2795734454791225,11721.97,11527.0,1474.7187220280348,9430.9,14229.4,0.41628350828489624,1.0,0.7348609514123752,0.22944791456780173,0.9999999999999998,0.9999999999999998,0.9999999999999998,0.9999999999999997,1,1,1,0,1.0
S2_P3_B2,WIPHFSP_S2_P3_B2_C075,True,True,1692.475,1673.0,0.25077704722056127,6637.71,6589.0,884.3167508873729,5212.05,8291.35,0.4673395052359994,1.0,0.7335316183715258,0.23051342772207387,1692.475,1673.0,0.25077704722056127,6637.71,6589.0,884.3167508873729,5212.05,8291.35,0.4673395052359994,1.0,0.7335316183715258,0.23051342772207387,1692.475,1673.0,0.25077704722056127,11408.37,11309.0,1257.4522031075376,9450.5,13718.65,0.37741179591475804,1.0,0.7010895043686802,0.2455282914294352,0.9999999999999998,0.9999999999999998,0.9999999999999998,0.9999999999999997,2,2,2,0,1.0
S2_P3_B2,WIPHFSP_S2_P3_B2_C009,True,True,1640.83,1616.5,0.23683884936591382,6173.945,6095.5,958.3975020705136,4749.450000000001,7690.9,0.48256090558608783,1.0,0.7365665455547681,0.22373991935483872,1640.83,1616.5,0.23683884936591382,6173.945,6095.5,958.3975020705136,4749.450000000001,7690.9,0.48256090558608783,1.0,0.7365665455547681,0.22373991935483872,1640.83,1616.5,0.23683884936591382,10689.975,10468.0,1397.9473038619874,8726.6,12935.599999999999,0.4020825372564002,1.0,0.7208140294593862,0.2327034517510708,0.9999999999999998,0.9999999999999998,0.9999999999999998,0.9999999999999997,3,3,3,0,1.0
S2_P3_B2,WIPHFSP_S2_P3_B2_C070,True,True,1717.35,1708.0,0.21607142857142844,6813.215,6867.5,991.5727954996547,5309.0,8574.949999999999,0.475566072078631,1.0,0.7678510958998159,0.21273699072206534,1717.35,1708.0,0.21607142857142844,6813.215,6867.5,991.5727954996547,5309.0,8574.949999999999,0.475566072078631,1.0,0.7678510958998159,0.21273699072206534,1717.35,1708.0,0.21607142857142844,11665.325,11713.0,1438.3480209514664,9361.6,14228.0,0.41546999060872525,1.0,0.7626771085152263,0.21538771805989715,0.9999999999999998,0.9999999999999998,0.9999999999999998,0.9999999999999997,5,5,5,0,1.0
S2_P3_B2,WIPHFSP_S2_P3_B2_C004,True,True,1464.475,1450.0,0.22044827586206872,5769.92,5599.0,1054.003033012714,4432.65,7946.4,0.6275674227540631,1.0,0.5950493436306279,0.2838989460944985,1464.475,1450.0,0.22044827586206872,5769.92,5599.0,1054.003033012714,4432.65,7946.4,0.6275674227540631,1.0,0.5950493436306279,0.2838989460944985,1464.475,1450.0,0.22044827586206872,10111.56,9885.5,1512.8739492766738,8251.1,13208.4,0.5014718527135702,1.0,0.5927136412632124,0.2870972621388595,0.9999999999999998,0.9999999999999998,0.9999999999999998,0.9999999999999997,4,4,4,0,1.0
S2_P3_B3,WIPHFSP_S2_P3_B3_C041,True,True,1685.865,1661.0,0.29283564118001154,7261.42,7179.0,1076.693834662389,5740.95,8763.75,0.42106142916840783,1.0,0.7507011878134046,0.22132675162443963,1685.865,1661.0,0.29283564118001154,11622.72,11493.5,1538.1432773314714,9470.05,13771.749999999998,0.3742724148431721,1.0,0.7756981027892365,0.21007302946361117,1685.865,1661.0,0.29283564118001154,17661.295,17335.5,2029.2304866562101,14959.5,20418.749999999996,0.31491736609846827,1.0,0.7673721859266123,0.21528232508940714,0.9999999999999998,0.9999999999999998,0.9999999999999998,0.9999999999999997,1,1,1,0,1.0
S2_P3_B3,WIPHFSP_S2_P3_B3_C019,True,True,1599.38,1579.0,0.22257758074730832,7784.27,7712.5,1079.1903062481613,6189.400000000001,9588.0,0.4406612641815234,1.0,0.6474831260826993,0.26800121016538925,1599.38,1579.0,0.22257758074730832,9896.93,9838.5,1287.5035825581224,7999.450000000001,12024.7,0.409132489708797,1.0,0.6300100656786053,0.2741797288443123,1599.38,1579.0,0.22257758074730832,17264.04,17133.5,1845.3058089108158,14609.35,20234.149999999998,0.3282925263372923,1.0,0.6334976043563738,0.2745967741935484,0.9999999999999998,0.9999999999999998,0.9999999999999998,0.9999999999999997,5,5,5,0,1.0
S2_P3_B3,WIPHFSP_S2_P3_B3_C090,True,True,1656.34,1647.0,0.22914389799635695,6203.26,6141.0,841.7883893235877,4945.2,7556.65,0.4252483308907343,1.0,0.4608019579307514,0.3413589885659598,1656.34,1647.0,0.22914389799635695,10120.345,10012.0,1150.720320484087,8490.8,12035.049999999996,0.35400019976028724,1.0,0.4666488909641354,0.3379664601903611,1656.34,1647.0,0.22914389799635695,15953.645,15827.0,1487.533115253237,13730.15,18560.149999999998,0.305174701459531,1.0,0.45321772855130743,0.3419104688050758,0.9999999999999998,0.9999999999999998,0.9999999999999998,0.9999999999999997,3,3,3,0,1.0
S2_P3_B3,WIPHFSP_S2_P3_B3_C022,True,True,1548.865,1530.0,0.266176470588235,7001.845,6950.0,1234.2846758244227,5258.650000000001,9304.050000000001,0.5820719424460432,1.0,0.7414442468010248,0.22049267039443857,1548.865,1530.0,0.266176470588235,11184.84,11111.0,1691.0214115734905,8792.6,14340.85,0.4993474934749347,1.0,0.7572692653084729,0.21281741233373638,1548.865,1530.0,0.266176470588235,17142.745,16957.0,2222.7649605783786,13931.55,21315.649999999998,0.4354602818894851,1.0,0.7543028624099822,0.21394388192030628,0.9999999999999998,0.9999999999999998,0.9999999999999998,0.9999999999999997,2,2,2,0,1.0
S2_P3_B3,WIPHFSP_S2_P3_B3_C002,True,True,1543.005,1530.5,0.22711532179026458,6865.765,6770.0,1064.0720416282913,5468.450000000001,8623.65,0.4660561299852287,1.0,0.6443566818674372,0.26384758832720123,1543.005,1530.5,0.22711532179026458,10865.975,10770.5,1419.178742926697,8851.699999999999,13204.949999999997,0.4041827213221297,1.0,0.6640589140229466,0.2560600715617598,1543.005,1530.5,0.22711532179026458,16768.63,16637.0,1870.4815243941864,14252.85,19812.0,0.3341437759211396,1.0,0.6555752608153819,0.25904464375692837,0.9999999999999998,0.9999999999999998,0.9999999999999998,0.9999999999999997,4,4,4,0,1.0
S2_P4_B1,WIPHFSP_S2_P4_B1_C078,True,True,1618.645,1611.0,0.2518001241464926,1800.99,1735.5,459.92638530530076,1179.95,2634.5999999999995,0.8381734370498408,1.0,0.03234835933416141,0.4890893514085572,1618.645,1611.0,0.2518001241464926,1800.99,1735.5,459.92638530530076,1179.95,2634.5999999999995,0.8381734370498408,1.0,0.03234835933416141,0.4890893514085572,1618.645,1611.0,0.2518001241464926,5031.14,4919.5,1013.8817832469425,3657.7000000000003,6754.499999999999,0.6294948673645692,1.0,0.019983536752238105,0.49186520928826877,0.9999999999999998,0.9999999999999998,0.9999999999999998,0.9999999999999997,3,3,3,0,1.0
S2_P4_B1,WIPHFSP_S2_P4_B1_C030,True,True,1541.905,1527.5,0.26415711947626824,1512.775,1427.5,435.6538813955409,972.5500000000001,2274.8499999999976,0.9122942206654968,1.0,0.13491946821720258,0.45719039935457845,1541.905,1527.5,0.26415711947626824,1512.775,1427.5,435.6538813955409,972.5500000000001,2274.8499999999976,0.9122942206654968,1.0,0.13491946821720258,0.45719039935457845,1541.905,1527.5,0.26415711947626824,4411.68,4251.0,945.3951436304293,3100.15,5968.9499999999925,0.674852975770405,1.0,0.1331270975600517,0.4588353919838669,0.9999999999999998,0.9999999999999998,0.9999999999999998,0.9999999999999997,1,1,1,0,1.0
S2_P4_B1,WIPHFSP_S2_P4_B1_C097,True,True,1652.795,1645.5,0.259769067152841,1667.285,1594.5,445.3718713333836,1054.7,2422.0499999999993,0.8575415490749442,1.0,-0.05121373050459296,0.5176446864287154,1652.795,1645.5,0.259769067152841,1667.285,1594.5,445.3718713333836,1054.7,2422.0499999999993,0.8575415490749442,1.0,-0.05121373050459296,0.5176446864287154,1652.795,1645.5,0.259769067152841,4836.02,4712.5,971.9893052909584,3419.25,6467.699999999997,0.6468859416445616,1.0,-0.1006192298941435,0.5344957919669405,0.9999999999999998,0.9999999999999998,0.9999999999999998,0.9999999999999997,2,2,2,0,1.0
S2_P4_B1,WIPHFSP_S2_P4_B1_C065,True,True,1682.705,1668.0,0.2395983213429253,2051.765,1900.5,621.7300618234573,1227.85,3364.499999999999,1.1242567745330168,1.0,0.07092409229929088,0.47576337801068225,1682.705,1668.0,0.2395983213429253,2051.765,1900.5,621.7300618234573,1227.85,3364.499999999999,1.1242567745330168,1.0,0.07092409229929088,0.47576337801068225,1682.705,1668.0,0.2395983213429253,5672.865,5462.0,1302.3823926846524,3938.5,8382.499999999998,0.8136213841083847,1.0,0.04202871267345774,0.4851215950858466,0.9999999999999998,0.9999999999999998,0.9999999999999998,0.9999999999999997,4,4,4,0,1.0
S2_P4_B1,WIPHFSP_S2_P4_B1_C073,True,True,1591.005,1577.5,0.20925515055467495,2117.645,2036.0,507.18809033237363,1423.65,3041.8499999999995,0.7947937131630641,1.0,0.32906172508283066,0.3871016538926987,1591.005,1577.5,0.20925515055467495,2117.645,2036.0,507.18809033237363,1423.65,3041.8499999999995,0.7947937131630641,1.0,0.32906172508283066,0.3871016538926987,1591.005,1577.5,0.20925515055467495,5778.18,5671.5,1068.5915111023482,4233.95,7840.05,0.6358282641276558,1.0,0.2861430941358606,0.4005141906538287,0.9999999999999998,0.9999999999999998,0.9999999999999998,0.9999999999999997,5,5,5,0,1.0
S2_P4_B2,WIPHFSP_S2_P4_B2_C074,True,True,1613.4,1593.0,0.24221594475831745,4145.605,3990.5,861.549405997706,3006.4,5594.5999999999985,0.6485904022052369,1.0,-0.01757073596890908,0.505945782525446,1613.4,1593.0,0.24221594475831745,4145.605,3990.5,861.549405997706,3006.4,5594.5999999999985,0.6485904022052369,1.0,-0.01757073596890908,0.505945782525446,1613.4,1593.0,0.24221594475831745,7876.025,7683.5,1320.2450887524635,6075.75,10127.599999999999,0.5273443092340727,1.0,-0.04166529160603881,0.5131008767509826,0.9999999999999998,0.9999999999999998,0.9999999999999998,0.9999999999999997,4,4,4,0,1.0
S2_P4_B2,WIPHFSP_S2_P4_B2_C093,True,True,1615.035,1591.5,0.25391140433553244,4089.225,3905.0,818.5789237300213,3020.8999999999996,5606.049999999997,0.6620102432778482,1.0,-0.06099373870149956,0.5202317964222726,1615.035,1591.5,0.25391140433553244,4089.225,3905.0,818.5789237300213,3020.8999999999996,5606.049999999997,0.6620102432778482,1.0,-0.06099373870149956,0.5202317964222726,1615.035,1591.5,0.25391140433553244,7676.58,7416.0,1258.2387029494841,6036.3,10041.349999999999,0.5400552858683924,1.0,-0.06057653653219812,0.5209791970986752,0.9999999999999998,0.9999999999999998,0.9999999999999998,0.9999999999999997,3,3,3,0,1.0
S2_P4_B2,WIPHFSP_S2_P4_B2_C004,True,True,1648.875,1628.5,0.24111145225667785,3691.29,3547.0,822.9452265491307,2617.2,5382.449999999997,0.7796024809698326,1.0,0.09693839093692433,0.4670160761981555,1648.875,1628.5,0.24111145225667785,3691.29,3547.0,822.9452265491307,2617.2,5382.449999999997,0.7796024809698326,1.0,0.09693839093692433,0.4670160761981555,1648.875,1628.5,0.24111145225667785,7145.51,6964.0,1293.3545337222893,5553.7,9924.699999999999,0.6276565192418149,1.0,0.10307960763991182,0.4659881084349491,0.9999999999999998,0.9999999999999998,0.9999999999999998,0.9999999999999997,5,5,5,0,1.0
S2_P4_B2,WIPHFSP_S2_P4_B2_C006,True,True,1591.01,1567.0,0.2637523931078492,4510.845,4457.0,672.3140568030688,3534.15,5775.499999999999,0.5028831052277314,1.0,0.12874632578721115,0.4597753261800413,1591.01,1567.0,0.2637523931078492,4510.845,4457.0,672.3140568030688,3534.15,5775.499999999999,0.5028831052277314,1.0,0.12874632578721115,0.4597753261800413,1591.01,1567.0,0.2637523931078492,8373.235,8326.5,1002.0711600355536,6888.25,10187.5,0.39623491262835514,1.0,0.1123925857784473,0.4634023474887915,0.9999999999999998,0.9999999999999998,0.9999999999999998,0.9999999999999997,1,1,1,0,1.0
S2_P4_B2,WIPHFSP_S2_P4_B2_C035,True,True,1718.025,1696.5,0.2562628941939284,3787.395,3684.5,797.7449397990563,2680.6000000000004,5111.499999999998,0.6597638756954803,1.0,0.08242069590153213,0.47128752770501714,1718.025,1696.5,0.2562628941939284,3787.395,3684.5,797.7449397990563,2680.6000000000004,5111.499999999998,0.6597638756954803,1.0,0.08242069590153213,0.47128752770501714,1718.025,1696.5,0.2562628941939284,7368.68,7164.0,1231.0056448286498,5685.55,9458.949999999999,0.5267169179229478,1.0,0.05737238913919516,0.48013295059676686,0.9999999999999998,0.9999999999999998,0.9999999999999998,0.9999999999999997,2,2,2,0,1.0
S2_P4_B3,WIPHFSP_S2_P4_B3_C012,True,True,1549.945,1537.5,0.2150894308943087,5094.39,4991.5,902.3905683793465,3821.9500000000003,6697.999999999998,0.5761895221877186,1.0,0.027729556760839415,0.4923666045246133,1549.945,1537.5,0.2150894308943087,7887.02,7739.5,1191.081294286834,6226.05,9989.749999999998,0.4862975644421471,1.0,0.02414628100761939,0.4935752078609221,1549.945,1537.5,0.2150894308943087,13515.695,13239.0,1530.1460590332545,11324.1,16028.649999999998,0.3553553893798623,1.0,0.08111078860980887,0.47288853053819796,0.9999999999999998,0.9999999999999998,0.9999999999999998,0.9999999999999997,4,4,4,0,1.0
S2_P4_B3,WIPHFSP_S2_P4_B3_C055,True,True,1629.62,1621.0,0.202683528685996,4249.475,4107.5,912.0573717562947,3123.65,5865.149999999999,0.6674376141205107,1.0,0.05982997978596704,0.4791929382093317,1629.62,1621.0,0.202683528685996,8105.05,7942.5,1377.1984633668453,6312.349999999999,10369.099999999999,0.5107648725212462,1.0,0.04805382318827915,0.4839880982399516,1629.62,1621.0,0.202683528685996,12733.955,12551.0,1734.7648754153977,10204.2,15740.05,0.4410684407616921,1.0,0.05888865098789559,0.48037929990921013,0.9999999999999998,0.9999999999999998,0.9999999999999998,0.9999999999999997,5,5,5,0,1.0
S2_P4_B3,WIPHFSP_S2_P4_B3_C062,True,True,1714.41,1702.5,0.23424375917767973,4647.68,4592.0,768.2480443190208,3587.05,5939.4,0.5122713414634145,1.0,0.15878526867969378,0.4492717100952573,1714.41,1702.5,0.23424375917767973,7995.57,7894.0,1076.3743563927933,6379.75,9601.150000000001,0.4080820876615152,1.0,0.14972334918006547,0.4519070892326296,1714.41,1702.5,0.23424375917767973,13351.29,13257.0,1384.9076272083998,11214.800000000001,15321.15,0.3097495662668777,1.0,0.15671068632041102,0.4479770242354008,0.9999999999999998,0.9999999999999998,0.9999999999999998,0.9999999999999997,3,3,3,0,1.0
S2_P4_B3,WIPHFSP_S2_P4_B3_C022,True,True,1654.365,1645.0,0.25896656534954376,4185.25,4021.5,819.115576399326,3112.9,5842.5,0.6787517095611089,1.0,-0.031782325072713585,0.5097466377877399,1654.365,1645.0,0.25896656534954376,7960.91,7756.5,1260.6025352584375,6316.55,10319.849999999999,0.5161219622252302,1.0,-0.01929274799947332,0.5057419159867029,1654.365,1645.0,0.25896656534954376,12512.52,12356.5,1646.6674222805284,10391.7,15398.049999999997,0.40515922793671316,1.0,-0.001556318672803176,0.5018381427204512,0.9999999999999998,0.9999999999999998,0.9999999999999998,0.9999999999999997,1,1,1,0,1.0
S2_P4_B3,WIPHFSP_S2_P4_B3_C064,True,True,1696.78,1676.5,0.25738144944825514,5999.295,5866.0,943.5437446006412,4806.35,7969.0999999999985,0.5391663825434705,1.0,0.0435792383101053,0.4845095964938794,1696.78,1676.5,0.25738144944825514,9200.895,9050.0,1209.6002951285188,7603.85,11401.449999999992,0.41962430939226414,1.0,0.027767756495862713,0.49032843038484786,1696.78,1676.5,0.25738144944825514,15345.005,15222.5,1628.31663535536,13256.5,18290.199999999993,0.33067498768270603,1.0,0.03812014282754474,0.48712781500327473,0.9999999999999998,0.9999999999999998,0.9999999999999998,0.9999999999999997,2,2,2,0,1.0
S3_P1_B1,WIPHFSP_S3_P1_B1_C097,True,True,2163.285,2134.5,0.27521667837901126,2211.235,2080.5,831.4185827698344,1080.8,3874.2499999999995,1.3426820475847145,1.0,0.8059853234292332,0.18614369870600675,2163.285,2134.5,0.27521667837901126,2211.235,2080.5,831.4185827698344,1080.8,3874.2499999999995,1.3426820475847145,1.0,0.8059853234292332,0.18614369870600675,2163.285,2134.5,0.27521667837901126,5807.635,5592.5,1680.546372991534,3448.9,9124.1,1.0147876620473848,1.0,0.770463271420784,0.20656497004480692,0.9999999999999998,0.9999999999999998,0.9999999999999998,0.9999999999999997,3,3,3,0,1.0
S3_P1_B1,WIPHFSP_S3_P1_B1_C068,True,True,2173.72,2138.5,0.30551788636894994,2146.44,2084.5,824.8292104429862,974.8,3661.7999999999993,1.2890381386423593,1.0,0.8137963311864461,0.1920869827846572,2173.72,2138.5,0.30551788636894994,2146.44,2084.5,824.8292104429862,974.8,3661.7999999999993,1.2890381386423593,1.0,0.8137963311864461,0.1920869827846572,2173.72,2138.5,0.30551788636894994,5619.285,5483.0,1709.26723884096,3126.4500000000003,8890.85,1.0513222688309318,1.0,0.793519080377423,0.1998188041071069,0.9999999999999998,0.9999999999999998,0.9999999999999998,0.9999999999999997,1,1,1,0,1.0
S3_P1_B1,WIPHFSP_S3_P1_B1_C021,True,True,2188.68,2159.0,0.2767253358036126,2164.335,1986.0,789.4606910891764,1107.05,3762.5499999999997,1.33710976837865,1.0,0.7529129444430901,0.21620668815471394,2188.68,2159.0,0.2767253358036126,2164.335,1986.0,789.4606910891764,1107.05,3762.5499999999997,1.33710976837865,1.0,0.7529129444430901,0.21620668815471394,2188.68,2159.0,0.2767253358036126,5671.8,5477.0,1593.8416201116095,3286.7,8843.05,1.0144878583165964,1.0,0.7427061931150684,0.22178008361456708,0.9999999999999998,0.9999999999999998,0.9999999999999998,0.9999999999999997,2,2,2,0,1.0
S3_P1_B1,WIPHFSP_S3_P1_B1_C035,True,True,2128.395,2102.0,0.24838249286393874,1860.935,1752.0,712.7927474203143,908.4,3365.2999999999997,1.402340182648401,1.0,0.698165568446343,0.24029211785444474,2128.395,2102.0,0.24838249286393874,1860.935,1752.0,712.7927474203143,908.4,3365.2999999999997,1.402340182648401,1.0,0.698165568446343,0.24029211785444474,2128.395,2102.0,0.24838249286393874,4977.135,4739.0,1465.8664457497482,2948.4500000000003,8190.899999999999,1.1062354927199827,1.0,0.6680073504044377,0.25587953870171726,0.9999999999999998,0.9999999999999998,0.9999999999999998,0.9999999999999997,5,5,5,0,1.0
S3_P1_B1,WIPHFSP_S3_P1_B1_C052,True,True,2246.26,2225.5,0.25311166030105564,2354.12,2258.0,821.4591198592904,1203.0,3853.7999999999993,1.1739592559787415,1.0,0.7601985636154227,0.21467418672575284,2246.26,2225.5,0.25311166030105564,2354.12,2258.0,821.4591198592904,1203.0,3853.7999999999993,1.1739592559787415,1.0,0.7601985636154227,0.21467418672575284,2246.26,2225.5,0.25311166030105564,6041.405,5899.5,1654.938703086915,3759.2,8928.549999999997,0.8762352741757771,1.0,0.7412723337055754,0.2255854948375724,0.9999999999999998,0.9999999999999998,0.9999999999999998,0.9999999999999997,4,4,4,0,1.0
S3_P1_B2,WIPHFSP_S3_P1_B2_C052,True,True,1926.335,1902.0,0.2839642481598317,4601.44,4411.0,1361.2920687347003,2948.9,7184.849999999998,0.960315121287689,1.0,0.7972995981037813,0.19272196496879404,1926.335,1902.0,0.2839642481598317,4601.44,4411.0,1361.2920687347003,2948.9,7184.849999999998,0.960315121287689,1.0,0.7972995981037813,0.19272196496879404,1926.335,1902.0,0.2839642481598317,8250.83,7983.0,2028.1470191038914,5708.700000000001,12114.699999999999,0.8024552173368404,1.0,0.7904644508139249,0.1966685119017664,0.9999999999999998,0.9999999999999998,0.9999999999999998,0.9999999999999997,1,1,1,0,1.0
S3_P1_B2,WIPHFSP_S3_P1_B2_C028,True,True,1795.93,1760.0,0.24678977272727268,3473.355,3132.5,1220.0630717200647,1975.95,5634.299999999999,1.1678691141260968,1.0,0.6297142871291949,0.27276394070787535,1795.93,1760.0,0.24678977272727268,3473.355,3132.5,1220.0630717200647,1975.95,5634.299999999999,1.1678691141260968,1.0,0.6297142871291949,0.27276394070787535,1795.93,1760.0,0.24678977272727268,6425.43,5924.5,1862.6368473484035,4365.500000000001,9588.949999999999,0.8816693391847409,1.0,0.6062414450379223,0.2822296139502066,0.9999999999999998,0.9999999999999998,0.9999999999999998,0.9999999999999997,2,2,2,0,1.0
S3_P1_B2,WIPHFSP_S3_P1_B2_C059,True,True,1966.27,1937.5,0.24175483870967734,4296.975,4191.5,1262.500310643526,2614.1,6461.199999999999,0.9178337110819511,1.0,0.682845021384962,0.25134631838542454,1966.27,1937.5,0.24175483870967734,4296.975,4191.5,1262.500310643526,2614.1,6461.199999999999,0.9178337110819511,1.0,0.682845021384962,0.25134631838542454,1966.27,1937.5,0.24175483870967734,7902.145,7747.5,1917.7514447850117,5372.85,11249.15,0.7584769280413035,1.0,0.6431685120284152,0.2687506292157455,0.9999999999999998,0.9999999999999998,0.9999999999999998,0.9999999999999997,3,3,3,0,1.0
S3_P1_B2,WIPHFSP_S3_P1_B2_C094,True,True,1814.01,1797.0,0.23717306622148002,2755.97,2572.0,1030.2303087659575,1433.5,4724.0999999999985,1.2793934681181949,1.0,0.40767014136268376,0.35580071532920254,1814.01,1797.0,0.23717306622148002,2755.97,2572.0,1030.2303087659575,1433.5,4724.0999999999985,1.2793934681181949,1.0,0.40767014136268376,0.35580071532920254,1814.01,1797.0,0.23717306622148002,5363.47,5094.5,1640.4533730344183,3119.8,8427.55,1.0418588674060258,1.0,0.4017960272790104,0.35789473684210527,0.9999999999999998,0.9999999999999998,0.9999999999999998,0.9999999999999997,4,4,4,0,1.0
S3_P1_B2,WIPHFSP_S3_P1_B2_C033,True,True,1816.405,1801.5,0.235498195947821,3114.095,2901.5,952.2678016057248,1982.7,4554.099999999999,0.8862312596932617,1.0,0.5745184492954003,0.2988262556042517,1816.405,1801.5,0.235498195947821,3114.095,2901.5,952.2678016057248,1982.7,4554.099999999999,0.8862312596932617,1.0,0.5745184492954003,0.2988262556042517,1816.405,1801.5,0.235498195947821,5858.755,5543.0,1450.6877592972928,4051.8999999999996,8007.249999999997,0.7135756810391479,1.0,0.5386270368679004,0.3117537407426067,0.9999999999999998,0.9999999999999998,0.9999999999999998,0.9999999999999997,5,5,5,0,1.0
S3_P1_B3,WIPHFSP_S3_P1_B3_C049,True,True,1883.84,1851.0,0.26639654240950805,6088.59,5880.5,1798.757919204249,3858.7999999999997,9646.449999999997,0.984210526315789,1.0,0.6099471001893163,0.2760705289672544,1883.84,1851.0,0.26639654240950805,7408.545,7166.0,2009.0713770234745,4780.4,11280.449999999997,0.9070680993580793,1.0,0.6511071052021516,0.25900367702614213,1883.84,1851.0,0.26639654240950805,14149.04,13726.0,3097.27017523496,10060.65,20325.549999999992,0.7478435086696773,1.0,0.6087159194782215,0.2759697732997481,0.9999999999999998,0.9999999999999998,0.9999999999999998,0.9999999999999997,1,1,1,0,1.0
S3_P1_B3,WIPHFSP_S3_P1_B3_C063,True,True,1910.17,1882.5,0.2503585657370518,1727.54,1627.0,517.0541832342138,1027.7,2630.449999999997,0.9850952673632428,1.0,0.14796451247237402,0.4517950786607503,1910.17,1882.5,0.2503585657370518,3528.635,3405.5,909.1519739707987,2306.15,5291.749999999997,0.8766994567611206,1.0,0.1598273402334823,0.4471163541036499,1910.17,1882.5,0.2503585657370518,5973.07,5820.5,1336.086675743756,4192.1,8442.799999999997,0.7302980843570134,1.0,0.1675935312463473,0.44283697953422724,0.9999999999999998,0.9999999999999998,0.9999999999999998,0.9999999999999997,2,2,2,0,1.0
S3_P1_B3,WIPHFSP_S3_P1_B3_C072,True,True,2084.375,2059.0,0.23351141330743067,2706.465,2585.0,945.615920326535,1516.1,4403.749999999998,1.1170793036750473,1.0,0.2886405519459245,0.40036277523051345,2084.375,2059.0,0.23351141330743067,5355.14,5121.0,1519.7745557812184,3368.2,7988.5999999999985,0.9022456551454789,1.0,0.28124691787329875,0.4038083723741877,2084.375,2059.0,0.23351141330743067,8779.675,8511.0,2065.92112612631,5994.65,12485.15,0.7626013394430735,1.0,0.25199105814850686,0.41445479728028206,0.9999999999999998,0.9999999999999998,0.9999999999999998,0.9999999999999997,4,4,4,0,1.0
S3_P1_B3,WIPHFSP_S3_P1_B3_C017,True,True,1734.545,1704.0,0.23776408450704203,1727.385,1632.5,524.9360025517396,1038.45,2658.85,0.9925880551301678,1.0,0.2827030534129278,0.4052406147644243,1734.545,1704.0,0.23776408450704203,3516.3,3363.5,900.0762745456632,2376.3500000000004,5172.7,0.8313810019325104,1.0,0.25112326918087813,0.414790186892348,1734.545,1704.0,0.23776408450704203,5903.205,5610.5,1314.966426558108,4188.65,8295.799999999997,0.7320470546297116,1.0,0.21777673942680764,0.425513698630137,0.9999999999999998,0.9999999999999998,0.9999999999999998,0.9999999999999997,3,3,3,0,1.0
S3_P1_B3,WIPHFSP_S3_P1_B3_C093,True,True,2046.075,2001.0,0.21809095452273858,4457.41,4165.0,1445.3924248798317,2713.7,7305.2,1.1024009603841534,1.0,0.7216173181525085,0.2305870496346687,2046.075,2001.0,0.21809095452273858,8087.745,7859.0,2190.435511485102,5280.8,12327.15,0.8965962590660388,1.0,0.7059479371023343,0.23780487804878048,2046.075,2001.0,0.21809095452273858,12341.77,11946.0,2866.061530585134,8542.8,18024.149999999998,0.7936840783525864,1.0,0.7014737809851462,0.23915562496851228,0.9999999999999998,0.9999999999999998,0.9999999999999998,0.9999999999999997,5,5,5,0,1.0
S3_P2_B1,WIPHFSP_S3_P2_B1_C018,True,True,2268.59,2229.5,0.3115048217089028,3321.04,3270.5,791.2794565764992,2220.85,4739.299999999999,0.7700504510013755,1.0,0.8978216528501506,0.13495419309372797,2268.59,2229.5,0.3115048217089028,3321.04,3270.5,791.2794565764992,2220.85,4739.299999999999,0.7700504510013755,1.0,0.8978216528501506,0.13495419309372797,2268.59,2229.5,0.3115048217089028,8016.235,7853.5,1538.0168788979527,5981.650000000001,10722.05,0.6036034888903035,1.0,0.891936427482186,0.14035440998791784,0.9999999999999998,0.9999999999999998,0.9999999999999998,0.9999999999999997,2,2,2,0,1.0
S3_P2_B1,WIPHFSP_S3_P2_B1_C001,True,True,2587.885,2537.5,0.33775369458128074,4223.705,4080.0,1031.5242449768207,2891.8999999999996,5977.249999999996,0.7562132352941167,1.0,0.9178911177808412,0.12405636638147961,2587.885,2537.5,0.33775369458128074,4223.705,4080.0,1031.5242449768207,2891.8999999999996,5977.249999999996,0.7562132352941167,1.0,0.9178911177808412,0.12405636638147961,2587.885,2537.5,0.33775369458128074,9934.395,9685.0,1952.6610430320466,7435.1,13233.3,0.5986783686112543,1.0,0.9079200502526452,0.1307672955974843,0.9999999999999998,0.9999999999999998,0.9999999999999998,0.9999999999999997,1,1,1,0,1.0
S3_P2_B1,WIPHFSP_S3_P2_B1_C029,True,True,2018.19,1999.0,0.2928464232116056,2637.53,2568.0,656.7148841772965,1681.5,3711.749999999999,0.7905957943925227,1.0,0.868486867919899,0.15423737348305555,2018.19,1999.0,0.2928464232116056,2637.53,2568.0,656.7148841772965,1681.5,3711.749999999999,0.7905957943925227,1.0,0.868486867919899,0.15423737348305555,2018.19,1999.0,0.2928464232116056,6441.945,6350.5,1318.4558665253078,4498.25,8564.75,0.6403432800566884,1.0,0.858544019857557,0.16180024164317358,0.9999999999999998,0.9999999999999998,0.9999999999999998,0.9999999999999997,3,3,3,0,1.0
S3_P2_B1,WIPHFSP_S3_P2_B1_C043,True,True,2059.565,2033.5,0.285788050159823,2284.51,2139.5,683.2086722956611,1402.2500000000002,3472.149999999999,0.9674690348212189,1.0,0.8081905588098248,0.18858236004832862,2059.565,2033.5,0.285788050159823,2284.51,2139.5,683.2086722956611,1402.2500000000002,3472.149999999999,0.9674690348212189,1.0,0.8081905588098248,0.18858236004832862,2059.565,2033.5,0.285788050159823,5910.085,5717.5,1335.7548382001094,4135.6,8179.299999999999,0.7072496720594662,1.0,0.7853110904475818,0.19907360789447184,0.9999999999999998,0.9999999999999998,0.9999999999999998,0.9999999999999997,5,5,5,0,1.0
S3_P2_B1,WIPHFSP_S3_P2_B1_C051,True,True,2137.485,2113.5,0.2904187366926897,2522.25,2400.5,793.8990411255073,1502.6,4009.199999999999,1.0441991251822529,1.0,0.859525703376927,0.16222748099290066,2137.485,2113.5,0.2904187366926897,2522.25,2400.5,793.8990411255073,1502.6,4009.199999999999,1.0441991251822529,1.0,0.859525703376927,0.16222748099290066,2137.485,2113.5,0.2904187366926897,6345.125,6116.5,1604.4846834342172,4333.25,9432.549999999997,0.8336957410283653,1.0,0.8244802491748575,0.1810036744349927,0.9999999999999998,0.9999999999999998,0.9999999999999998,0.9999999999999997,4,4,4,0,1.0
S3_P2_B2,WIPHFSP_S3_P2_B2_C036,True,True,2028.135,2003.0,0.2789316025961057,5584.805,5443.0,1533.4333330715751,3204.8500000000004,8256.5,0.9281003123277602,1.0,0.8122139586183754,0.1852355072463768,2028.135,2003.0,0.2789316025961057,5584.805,5443.0,1533.4333330715751,3204.8500000000004,8256.5,0.9281003123277602,1.0,0.8122139586183754,0.1852355072463768,2028.135,2003.0,0.2789316025961057,9886.98,9613.5,2235.82770346912,6523.5,13743.5,0.7510272013314608,1.0,0.8035780783839598,0.19234059684968044,0.9999999999999998,0.9999999999999998,0.9999999999999998,0.9999999999999997,4,4,4,0,1.0
S3_P2_B2,WIPHFSP_S3_P2_B2_C082,True,True,2107.04,2089.0,0.27881761608425076,5943.425,5834.5,1464.3317671808531,3718.3500000000004,8411.55,0.8043876938897931,1.0,0.8558850056423801,0.1652992399456385,2107.04,2089.0,0.27881761608425076,5943.425,5834.5,1464.3317671808531,3718.3500000000004,8411.55,0.8043876938897931,1.0,0.8558850056423801,0.1652992399456385,2107.04,2089.0,0.27881761608425076,10318.455,10239.5,2094.5752046596467,7209.0,13818.549999999996,0.6454953855168704,1.0,0.8486947084809956,0.16989582809118817,0.9999999999999998,0.9999999999999998,0.9999999999999998,0.9999999999999997,5,5,5,0,1.0
S3_P2_B2,WIPHFSP_S3_P2_B2_C084,True,True,1978.01,1957.0,0.29225855901890635,5216.33,5010.0,1368.1891393736466,3222.9500000000003,7710.849999999998,0.895788423153692,1.0,0.8213323664182434,0.1842767929089444,1978.01,1957.0,0.29225855901890635,5216.33,5010.0,1368.1891393736466,3222.9500000000003,7710.849999999998,0.895788423153692,1.0,0.8213323664182434,0.1842767929089444,1978.01,1957.0,0.29225855901890635,9169.805,8953.5,2004.2272917448759,6432.2,12628.949999999993,0.6921036466186399,1.0,0.8221402187677636,0.18376391197058972,0.9999999999999998,0.9999999999999998,0.9999999999999998,0.9999999999999997,2,2,2,0,1.0
S3_P2_B2,WIPHFSP_S3_P2_B2_C097,True,True,2220.405,2163.5,0.32579154148370687,7507.97,7266.5,1763.424112089885,5237.25,10591.649999999998,0.7368609371774578,1.0,0.9091135122500702,0.12858580775037745,2220.405,2163.5,0.32579154148370687,7507.97,7266.5,1763.424112089885,5237.25,10591.649999999998,0.7368609371774578,1.0,0.9091135122500702,0.12858580775037745,2220.405,2163.5,0.32579154148370687,12526.505,12163.5,2588.887890576763,9259.5,17250.1,0.6569326262999957,1.0,0.9011041925479093,0.1358602637672405,0.9999999999999998,0.9999999999999998,0.9999999999999998,0.9999999999999997,1,1,1,0,1.0
S3_P2_B2,WIPHFSP_S3_P2_B2_C026,True,True,2670.115,2627.0,0.2886752950133229,10106.415,9736.0,2017.5373535017884,7498.0,13760.099999999999,0.6431902218570252,1.0,0.8777555186087315,0.15113527664501838,2670.115,2627.0,0.2886752950133229,10106.415,9736.0,2017.5373535017884,7498.0,13760.099999999999,0.6431902218570252,1.0,0.8777555186087315,0.15113527664501838,2670.115,2627.0,0.2886752950133229,16948.325,16247.5,2895.343944918289,13196.85,22099.249999999996,0.5479242960455452,1.0,0.8737100432079085,0.15407459606382443,0.9999999999999998,0.9999999999999998,0.9999999999999998,0.9999999999999997,3,3,3,0,1.0
S3_P2_B3,WIPHFSP_S3_P2_B3_C027,True,True,1927.415,1860.5,0.32698199408761075,5379.535,5056.0,1599.441692833784,3444.3,8831.299999999997,1.065466772151898,1.0,0.7915231133547512,0.19753210778141525,1927.415,1860.5,0.32698199408761075,9499.45,9069.0,2358.3829391131544,6637.1,14507.849999999995,0.867874076524423,1.0,0.777300923534481,0.20564983131074072,1927.415,1860.5,0.32698199408761075,14156.49,13538.0,3055.5200686462526,10559.95,20542.84999999999,0.7373984340375233,1.0,0.7732388641736525,0.20693996776792908,0.9999999999999998,0.9999999999999998,0.9999999999999998,0.9999999999999997,2,2,2,0,1.0
S3_P2_B3,WIPHFSP_S3_P2_B3_C086,True,True,1802.935,1769.0,0.2702091577162237,4486.7,4289.5,1284.427814242591,2859.05,6858.549999999998,0.9323930528033564,1.0,0.7541681450561247,0.21227389529903765,1802.935,1769.0,0.2702091577162237,8157.89,7907.0,1936.9965534042647,5584.9,11863.949999999999,0.7941128114329074,1.0,0.7407493246917206,0.21997178557033453,1802.935,1769.0,0.2702091577162237,12385.94,12006.5,2532.014475945981,9027.45,17510.95,0.7065756048806895,1.0,0.7281242243644777,0.22461833022623068,0.9999999999999998,0.9999999999999998,0.9999999999999998,0.9999999999999997,4,4,4,0,1.0
S3_P2_B3,WIPHFSP_S3_P2_B3_C012,True,True,1798.125,1767.5,0.29224893917963196,4380.02,4095.0,1265.223616440983,2766.0,6895.4,1.008400488400488,1.0,0.7870297035232579,0.1975190358529575,1798.125,1767.5,0.29224893917963196,7850.73,7463.0,1905.6484584256352,5442.65,11461.749999999998,0.8065255259279107,1.0,0.7662586445702867,0.20693478479991936,1798.125,1767.5,0.29224893917963196,11819.435,11223.0,2478.7442517885947,8782.7,16756.399999999998,0.7104784816893875,1.0,0.7573608141874493,0.2124388891688927,0.9999999999999998,0.9999999999999998,0.9999999999999998,0.9999999999999997,3,3,3,0,1.0
S3_P2_B3,WIPHFSP_S3_P2_B3_C076,True,True,2032.97,2012.5,0.25597515527950293,7835.765,7636.0,1359.2036123315004,5830.45,10368.449999999999,0.5942902042954424,1.0,0.8587763172340764,0.16096873269221088,2032.97,2012.5,0.25597515527950293,10187.89,9908.5,1835.7503800626052,7573.3,13775.3,0.6259272341928646,1.0,0.8164886596127524,0.18385018123238017,2032.97,2012.5,0.25597515527950293,16806.725,16488.5,2559.9566909178366,13210.75,21768.949999999997,0.5190405434090425,1.0,0.8360075018692722,0.17246413289705512,0.9999999999999998,0.9999999999999998,0.9999999999999998,0.9999999999999997,5,5,5,0,1.0
S3_P2_B3,WIPHFSP_S3_P2_B3_C045,True,True,2139.875,2101.0,0.331937172774869,6297.53,6205.0,1662.7518362942799,3937.5499999999997,9643.199999999999,0.9195245769540691,1.0,0.8477947976916577,0.16670862494335634,2139.875,2101.0,0.331937172774869,10937.325,10775.0,2461.3920633200637,7546.450000000001,15993.649999999994,0.7839628770301617,1.0,0.8357938049747824,0.1747294236093632,2139.875,2101.0,0.331937172774869,16089.465,15838.5,3204.469060355397,11418.800000000001,22814.399999999994,0.7194873251886221,1.0,0.8336124067541167,0.1774891774891775,0.9999999999999998,0.9999999999999998,0.9999999999999998,0.9999999999999997,1,1,1,0,1.0
S3_P3_B1,WIPHFSP_S3_P3_B1_C008,True,True,1967.35,1970.0,0.2518274111675126,1717.695,1677.0,447.472079547987,1099.75,2538.5999999999995,0.857990459153249,1.0,0.7241711526134251,0.23604112074178593,1967.35,1970.0,0.2518274111675126,3653.965,3556.0,736.4107031915003,2606.9,4938.999999999998,0.6558211473565797,1.0,0.7624822008154495,0.21670781478309065,1967.35,1970.0,0.2518274111675126,4385.225,4294.5,940.1455602059715,3043.8,6238.849999999997,0.7439864943532416,1.0,0.7008397418725647,0.24420479741987502,0.9999999999999998,0.9999999999999998,0.9999999999999998,0.9999999999999997,4,4,4,0,1.0
S3_P3_B1,WIPHFSP_S3_P3_B1_C082,True,True,2066.285,2037.5,0.2922453987730057,2089.345,2050.5,588.3337114045056,1261.5000000000002,3149.3999999999987,0.9207022677395745,1.0,0.801064820852411,0.19070399838855875,2066.285,2037.5,0.2922453987730057,2381.715,2326.5,665.2296849773016,1460.3500000000001,3486.8999999999996,0.8710724263915748,1.0,0.7647629952188416,0.21284311256610425,2066.285,2037.5,0.2922453987730057,5389.935,5233.5,1187.6298753294311,3689.9500000000003,7526.099999999999,0.7329989490780545,1.0,0.7796413190880382,0.2032233694283556,0.9999999999999998,0.9999999999999998,0.9999999999999998,0.9999999999999997,1,1,1,0,1.0
S3_P3_B1,WIPHFSP_S3_P3_B1_C065,True,True,2604.385,2563.0,0.26476785017557536,2674.3,2607.0,657.3033926582153,1732.5500000000002,3920.7,0.8393364019946294,1.0,0.8485454078652671,0.1702920443101712,2604.385,2563.0,0.26476785017557536,2954.785,2878.5,701.7576709769548,2001.3500000000001,4257.25,0.7837067917318044,1.0,0.8158578843541544,0.1880191291215706,2604.385,2563.0,0.26476785017557536,6862.85,6691.5,1294.2404171945798,4985.05,9359.05,0.6536650975117685,1.0,0.8289679153171999,0.17992853188383914,0.9999999999999998,0.9999999999999998,0.9999999999999998,0.9999999999999997,3,3,3,0,1.0
S3_P3_B1,WIPHFSP_S3_P3_B1_C061,True,True,2124.26,2124.5,0.21487408802071067,1317.52,1265.5,363.81541968421294,843.8499999999999,1961.25,0.882971157645199,1.0,0.3183232341111769,0.39197701960389053,2124.26,2124.5,0.21487408802071067,1317.52,1265.5,363.81541968421294,843.8499999999999,1961.25,0.882971157645199,1.0,0.3183232341111769,0.39197701960389053,2124.26,2124.5,0.21487408802071067,3783.21,3701.5,788.998387767681,2742.75,5217.849999999999,0.6686748615426176,1.0,0.27630227408834945,0.4056014507354423,0.9999999999999998,0.9999999999999998,0.9999999999999998,0.9999999999999997,5,5,5,0,1.0
S3_P3_B1,WIPHFSP_S3_P3_B1_C052,True,True,2207.235,2183.0,0.2664223545579475,2243.54,2156.0,548.4023417163716,1538.0,3192.2999999999997,0.7673005565862704,1.0,0.816732101145881,0.1875535399344923,2207.235,2183.0,0.2664223545579475,2527.94,2437.0,642.0296694078864,1716.65,3767.249999999999,0.8414443988510456,1.0,0.7771762916611875,0.20781903370446875,2207.235,2183.0,0.2664223545579475,5630.59,5443.5,1139.0300750638676,4143.7,7792.199999999999,0.670248920731147,1.0,0.7893372766251358,0.2011789600967352,0.9999999999999998,0.9999999999999998,0.9999999999999998,0.9999999999999997,2,2,2,0,1.0
S3_P3_B2,WIPHFSP_S3_P3_B2_C027,True,True,1919.77,1896.5,0.2504086475085681,4353.645,4166.0,1367.3333679008203,2417.65,6828.0999999999985,1.0586773883821408,1.0,0.7832794372977548,0.19859977838218998,1919.77,1896.5,0.2504086475085681,4353.645,4166.0,1367.3333679008203,2417.65,6828.0999999999985,1.0586773883821408,1.0,0.7832794372977548,0.19859977838218998,1919.77,1896.5,0.2504086475085681,7848.845,7549.5,2017.4408246526093,4975.950000000001,11547.649999999998,0.8704814888403201,1.0,0.7745710089568674,0.20360668950231714,0.9999999999999998,0.9999999999999998,0.9999999999999998,0.9999999999999997,1,1,1,0,1.0
S3_P3_B2,WIPHFSP_S3_P3_B2_C044,True,True,1803.47,1786.0,0.22984322508398644,2920.9,2836.5,844.6897596159196,1760.2500000000002,4613.15,1.00578177331218,1.0,0.5668912658911119,0.29658752961338775,1803.47,1786.0,0.22984322508398644,2920.9,2836.5,844.6897596159196,1760.2500000000002,4613.15,1.00578177331218,1.0,0.5668912658911119,0.29658752961338775,1803.47,1786.0,0.22984322508398644,5495.91,5290.0,1302.0229613566728,3739.8,7977.449999999999,0.8010680529300563,1.0,0.5607270726632283,0.30035282258064516,0.9999999999999998,0.9999999999999998,0.9999999999999998,0.9999999999999997,4,4,4,0,1.0
S3_P3_B2,WIPHFSP_S3_P3_B2_C074,True,True,1964.03,1948.0,0.23226386036960966,3617.69,3481.5,837.6422350263864,2500.3,5146.35,0.7600315955766191,1.0,0.7594075220007916,0.2153536370500881,1964.03,1948.0,0.23226386036960966,3617.69,3481.5,837.6422350263864,2500.3,5146.35,0.7600315955766191,1.0,0.7594075220007916,0.2153536370500881,1964.03,1948.0,0.23226386036960966,6559.1,6403.5,1279.023353969739,4869.5,8953.449999999999,0.6377684079019283,1.0,0.7581724053618183,0.21699300347309608,0.9999999999999998,0.9999999999999998,0.9999999999999998,0.9999999999999997,3,3,3,0,1.0
S3_P3_B2,WIPHFSP_S3_P3_B2_C004,True,True,1745.965,1736.5,0.24221134465879626,3047.785,2943.0,920.5569068639918,1769.55,4686.099999999999,0.9910125722052322,1.0,0.7547400341815101,0.22041412665625473,1745.965,1736.5,0.24221134465879626,3047.785,2943.0,920.5569068639918,1769.55,4686.099999999999,0.9910125722052322,1.0,0.7547400341815101,0.22041412665625473,1745.965,1736.5,0.24221134465879626,5665.895,5469.5,1433.3233982514205,3712.15,7960.449999999994,0.7767254776487783,1.0,0.7392476032680115,0.22954866008462624,0.9999999999999998,0.9999999999999998,0.9999999999999998,0.9999999999999997,2,2,2,0,1.0
S3_P3_B2,WIPHFSP_S3_P3_B2_C093,True,True,1744.73,1735.0,0.21772334293948115,2003.67,1893.5,657.2785567017991,1110.4,3345.5999999999995,1.1804594665962493,1.0,0.31973147297145493,0.3941057934508816,1744.73,1735.0,0.21772334293948115,2003.67,1893.5,657.2785567017991,1110.4,3345.5999999999995,1.1804594665962493,1.0,0.31973147297145493,0.3941057934508816,1744.73,1735.0,0.21772334293948115,4046.15,3874.5,1099.58161475172,2533.8500000000004,6264.349999999999,0.9628339140534258,1.0,0.31180495609063585,0.39514626655254015,0.9999999999999998,0.9999999999999998,0.9999999999999998,0.9999999999999997,5,5,5,0,1.0
S3_P3_B3,WIPHFSP_S3_P3_B3_C079,True,True,1971.71,1944.0,0.2495884773662548,4231.345,4038.5,1058.249812650586,2777.9500000000003,6222.949999999998,0.853039494861953,1.0,0.7424618122255581,0.22114803625377644,1971.71,1944.0,0.2495884773662548,7074.885,6802.0,1582.8216234860452,4850.3,9897.15,0.7419655983534252,1.0,0.7364536878879097,0.2255790533736153,1971.71,1944.0,0.2495884773662548,11270.815,10862.5,2131.46990379292,8186.95,15076.399999999998,0.6342416570770998,1.0,0.7365406128981464,0.22604843175753914,0.9999999999999998,0.9999999999999998,0.9999999999999998,0.9999999999999997,3,3,3,0,1.0
S3_P3_B3,WIPHFSP_S3_P3_B3_C016,True,True,1960.665,1932.0,0.27901138716356066,3637.575,3489.5,1081.671028721302,2234.85,5747.9,1.0067488178822177,1.0,0.7220691321350732,0.23417115801138366,1960.665,1932.0,0.27901138716356066,6219.88,6008.5,1637.250394899937,4133.05,9472.8,0.8886993425979859,1.0,0.692407792904038,0.2451651893634166,1960.665,1932.0,0.27901138716356066,10125.65,9854.0,2211.2385302133284,7202.3,14339.849999999995,0.7243302212299567,1.0,0.6812376573676662,0.2498615237423838,0.9999999999999998,0.9999999999999998,0.9999999999999998,0.9999999999999997,2,2,2,0,1.0
S3_P3_B3,WIPHFSP_S3_P3_B3_C014,True,True,1975.79,1953.5,0.22958791911952894,2244.345,2174.0,647.8376000009571,1365.95,3442.95,0.9553817847286105,1.0,0.6361412176865534,0.27375736516090043,1975.79,1953.5,0.22958791911952894,4389.355,4286.5,1102.283592808584,2851.0499999999997,6250.4,0.793036276682608,1.0,0.6249107932133304,0.2781833744524445,1975.79,1953.5,0.22958791911952894,7066.775,6897.5,1531.8515608161908,4831.950000000001,9493.099999999999,0.6757738310982236,1.0,0.6269338183147193,0.27738329052726995,0.9999999999999998,0.9999999999999998,0.9999999999999998,0.9999999999999997,5,5,5,0,1.0
S3_P3_B3,WIPHFSP_S3_P3_B3_C075,True,True,1890.41,1856.5,0.29857258281712873,3691.055,3563.5,1067.8693281366404,2338.8,5511.449999999999,0.8903185070857297,1.0,0.8309279147742261,0.18065068493150685,1890.41,1856.5,0.29857258281712873,6251.65,6043.5,1627.3137919590063,4157.5,9152.349999999999,0.8264829982625959,1.0,0.8115259663902401,0.1926078855934337,1890.41,1856.5,0.29857258281712873,10069.405,9860.5,2217.9161167580255,7199.25,13869.899999999994,0.6765022057704977,1.0,0.8046706009263692,0.19443045623929903,0.9999999999999998,0.9999999999999998,0.9999999999999998,0.9999999999999997,1,1,1,0,1.0
S3_P3_B3,WIPHFSP_S3_P3_B3_C022,True,True,1815.115,1791.0,0.24237855946398643,2947.505,2763.5,833.7023209605452,1846.75,4416.25,0.9297991677220913,1.0,0.6590360714639785,0.26145864813135894,1815.115,1791.0,0.24237855946398643,5444.385,5229.5,1298.421097631658,3763.1,7863.349999999997,0.7840615737642214,1.0,0.641663197860378,0.2680028200221573,1815.115,1791.0,0.24237855946398643,8418.195,8158.0,1734.682333159302,6282.1,11786.05,0.6746690365285607,1.0,0.6221669865896826,0.2764993202074626,0.9999999999999998,0.9999999999999998,0.9999999999999998,0.9999999999999997,4,4,4,0,1.0
S3_P4_B1,WIPHFSP_S3_P4_B1_C004,True,True,1994.77,1974.0,0.2605876393110435,1497.35,1376.0,591.1645604228995,758.0500000000001,2575.7999999999993,1.321039244186045,1.0,0.666005762529045,0.2569255565629092,1994.77,1974.0,0.2605876393110435,1497.35,1376.0,591.1645604228995,758.0500000000001,2575.7999999999993,1.321039244186045,1.0,0.666005762529045,0.2569255565629092,1994.77,1974.0,0.2605876393110435,4101.57,3867.5,1266.136807418535,2330.55,6368.699999999997,1.0441241111829336,1.0,0.6343414865860946,0.26988521949254934,0.9999999999999998,0.9999999999999998,0.9999999999999998,0.9999999999999997,2,2,2,0,1.0
S3_P4_B1,WIPHFSP_S3_P4_B1_C083,True,True,2063.795,2046.5,0.20938187148790588,710.22,661.5,284.2133205886029,363.70000000000005,1154.4499999999996,1.1953892668178356,1.0,0.07482600065833926,0.4731350806451613,2063.795,2046.5,0.20938187148790588,710.22,661.5,284.2133205886029,363.70000000000005,1154.4499999999996,1.1953892668178356,1.0,0.07482600065833926,0.4731350806451613,2063.795,2046.5,0.20938187148790588,2296.495,2180.5,712.2244379231872,1382.4,3458.1499999999996,0.9519605595047002,1.0,0.05739387273718216,0.4784339413483825,0.9999999999999998,0.9999999999999998,0.9999999999999998,0.9999999999999997,5,5,5,0,1.0
S3_P4_B1,WIPHFSP_S3_P4_B1_C051,True,True,2316.005,2301.5,0.23267434281989996,615.825,578.0,217.9338990955744,333.45,1047.1,1.2346885813148765,1.0,0.10180770717924338,0.4647809206877426,2316.005,2301.5,0.23267434281989996,615.825,578.0,217.9338990955744,333.45,1047.1,1.2346885813148765,1.0,0.10180770717924338,0.4647809206877426,2316.005,2301.5,0.23267434281989996,2156.66,2084.5,554.7670902279623,1371.2,3165.0,0.860542096426001,1.0,0.09942134969120764,0.46506825164962473,0.9999999999999998,0.9999999999999998,0.9999999999999998,0.9999999999999997,3,3,3,0,1.0
S3_P4_B1,WIPHFSP_S3_P4_B1_C096,True,True,2448.34,2416.5,0.2606041795985927,615.995,575.0,230.12260856986651,335.90000000000003,1080.35,1.2946956521739104,1.0,0.1541503784663174,0.448602367161924,2448.34,2416.5,0.2606041795985927,615.995,575.0,230.12260856986651,335.90000000000003,1080.35,1.2946956521739104,1.0,0.1541503784663174,0.448602367161924,2448.34,2416.5,0.2606041795985927,2187.975,2104.0,622.3762723425436,1379.55,3291.499999999999,0.9087214828897331,1.0,0.12545971996422858,0.45858077503774536,0.9999999999999998,0.9999999999999998,0.9999999999999998,0.9999999999999997,1,1,1,0,1.0
S3_P4_B1,WIPHFSP_S3_P4_B1_C089,True,True,2089.1,2075.5,0.22813779812093463,753.69,653.0,381.3729721676669,365.9,1460.55,1.6763399693721261,1.0,-0.014473073326048509,0.5046870275173874,2089.1,2075.5,0.22813779812093463,753.69,653.0,381.3729721676669,365.9,1460.55,1.6763399693721261,1.0,-0.014473073326048509,0.5046870275173874,2089.1,2075.5,0.22813779812093463,2372.99,2190.0,899.8890931109232,1406.95,4057.4,1.2102511415525108,1.0,-0.08065249830688348,0.5265941372015714,0.9999999999999998,0.9999999999999998,0.9999999999999998,0.9999999999999997,4,4,4,0,1.0
S3_P4_B2,WIPHFSP_S3_P4_B2_C036,True,True,2466.845,2439.5,0.2528182004509118,1526.935,1473.0,372.8255634676893,1020.75,2181.4999999999995,0.7880176510522735,1.0,-0.03577016311701404,0.510526845975622,2466.845,2439.5,0.2528182004509118,1526.935,1473.0,372.8255634676893,1020.75,2181.4999999999995,0.7880176510522735,1.0,-0.03577016311701404,0.510526845975622,2466.845,2439.5,0.2528182004509118,3264.095,3182.5,700.6972141909799,2332.65,4489.949999999998,0.6778633150039268,1.0,-0.03976903680192502,0.5112967342625673,0.9999999999999998,0.9999999999999998,0.9999999999999998,0.9999999999999997,2,2,2,0,1.0
S3_P4_B2,WIPHFSP_S3_P4_B2_C091,True,True,2297.27,2279.0,0.22121544537077661,1667.94,1578.0,535.8247627723078,1101.0,2697.0499999999997,1.0114385297845367,1.0,0.012194756082463171,0.49589565392556784,2297.27,2279.0,0.22121544537077661,1667.94,1578.0,535.8247627723078,1101.0,2697.0499999999997,1.0114385297845367,1.0,0.012194756082463171,0.49589565392556784,2297.27,2279.0,0.22121544537077661,3466.195,3263.5,921.2815785496854,2346.65,5325.549999999998,0.9127930136356665,1.0,0.01600670524371338,0.4947659788626069,0.9999999999999998,0.9999999999999998,0.9999999999999998,0.9999999999999997,4,4,4,0,1.0
S3_P4_B2,WIPHFSP_S3_P4_B2_C100,True,True,1870.31,1857.5,0.24570659488559837,1752.71,1624.0,644.756361659193,1047.7,3075.5999999999985,1.2487068965517225,1.0,0.025352310223647583,0.4930975413139863,1870.31,1857.5,0.24570659488559837,1752.71,1624.0,644.756361659193,1047.7,3075.5999999999985,1.2487068965517225,1.0,0.025352310223647583,0.4930975413139863,1870.31,1857.5,0.24570659488559837,3543.06,3334.5,1102.25395730748,2215.6000000000004,5466.099999999995,0.9748088169140782,1.0,-0.005030854533454429,0.503501083068863,0.9999999999999998,0.9999999999999998,0.9999999999999998,0.9999999999999997,3,3,3,0,1.0
S3_P4_B2,WIPHFSP_S3_P4_B2_C049,True,True,2054.915,2035.5,0.2159420289855069,1961.965,1837.0,760.4088464602447,1148.8000000000002,3346.1999999999994,1.1961894393032106,1.0,0.06010309260034428,0.4802943251688338,2054.915,2035.5,0.2159420289855069,1961.965,1837.0,760.4088464602447,1148.8000000000002,3346.1999999999994,1.1961894393032106,1.0,0.06010309260034428,0.4802943251688338,2054.915,2035.5,0.2159420289855069,4010.195,3808.5,1324.3322079353807,2472.95,6201.899999999996,0.979112511487461,1.0,0.042569460911067926,0.487023131582926,0.9999999999999998,0.9999999999999998,0.9999999999999998,0.9999999999999997,5,5,5,0,1.0
S3_P4_B2,WIPHFSP_S3_P4_B2_C066,True,True,1970.015,1954.5,0.2740598618572522,1952.215,1804.5,719.5932036748262,1131.05,3090.3499999999985,1.0857855361595996,1.0,0.15768780605144292,0.4468738979293667,1970.015,1954.5,0.2740598618572522,1952.215,1804.5,719.5932036748262,1131.05,3090.3499999999985,1.0857855361595996,1.0,0.15768780605144292,0.4468738979293667,1970.015,1954.5,0.2740598618572522,3976.915,3751.0,1233.7296048060937,2491.2999999999997,6104.749999999999,0.9633297787256727,1.0,0.14902827297020058,0.45017632241813604,0.9999999999999998,0.9999999999999998,0.9999999999999998,0.9999999999999997,1,1,1,0,1.0
S3_P4_B3,WIPHFSP_S3_P4_B3_C036,True,True,2362.245,2349.0,0.2610259684972324,1503.605,1429.5,411.7427339674618,1027.6,2198.2499999999995,0.81892270024484,1.0,0.12383993579738989,0.4576723573550889,2362.245,2349.0,0.2610259684972324,3130.455,3037.5,713.7354607801128,2279.4500000000003,4366.349999999997,0.6870452674897105,1.0,0.12729630543728465,0.4580460059394977,2362.245,2349.0,0.2610259684972324,5355.075,5160.0,1071.6743952222614,3972.0,7121.4,0.6103488372093021,1.0,0.11561444102612115,0.4608726284535252,0.9999999999999998,0.9999999999999998,0.9999999999999998,0.9999999999999997,4,4,4,0,1.0
S3_P4_B3,WIPHFSP_S3_P4_B3_C032,True,True,2334.2,2287.5,0.2779890710382509,1236.775,1217.0,241.525225131869,889.9,1637.5499999999997,0.6143385373870166,1.0,0.0850310925640435,0.4709911361804996,2334.2,2287.5,0.2779890710382509,2574.065,2534.0,454.2666956480521,1862.8,3395.0499999999997,0.6046764009471188,1.0,0.11661574590077628,0.45992347195649985,2334.2,2287.5,0.2779890710382509,4397.14,4312.5,697.3511815434172,3313.7,5512.999999999998,0.5099826086956517,1.0,0.15242802552209872,0.44824115545266974,0.9999999999999998,0.9999999999999998,0.9999999999999998,0.9999999999999997,2,2,2,0,1.0
S3_P4_B3,WIPHFSP_S3_P4_B3_C093,True,True,1869.235,1857.0,0.2671243941841676,1587.815,1521.0,373.0025345423272,1156.9,2273.2,0.7339250493096641,1.0,0.17525441094144503,0.44200453286325864,1869.235,1857.0,0.2671243941841676,2335.375,2194.5,573.5011110494904,1737.75,3403.1,0.7588744588744585,1.0,0.07533765476548522,0.47577558420628524,1869.235,1857.0,0.2671243941841676,4652.4,4462.5,917.2022514145939,3545.0,6313.15,0.6203137254901959,1.0,0.14576184615742235,0.45088858681971505,0.9999999999999998,0.9999999999999998,0.9999999999999998,0.9999999999999997,3,3,3,0,1.0
S3_P4_B3,WIPHFSP_S3_P4_B3_C031,True,True,2240.425,2202.0,0.30168029064486807,2479.93,2335.0,719.9190614923319,1547.95,3852.9499999999994,0.9871520342612412,1.0,0.07323980741021748,0.476070655729455,2240.425,2202.0,0.30168029064486807,3805.65,3571.0,1074.8824947407043,2447.65,5793.9,0.9370624474936988,1.0,0.011646073374034538,0.49519303367393164,2240.425,2202.0,0.30168029064486807,7180.985,6834.0,1688.7996550138798,4902.799999999999,10472.599999999999,0.8150131694468831,1.0,0.0446000252021869,0.48621036738802215,0.9999999999999998,0.9999999999999998,0.9999999999999998,0.9999999999999997,1,1,1,0,1.0
S3_P4_B3,WIPHFSP_S3_P4_B3_C075,True,True,1999.7,1976.0,0.2415232793522265,1383.87,1342.0,316.2117061400479,936.7,1975.1499999999996,0.7738077496274209,1.0,0.11895513176786784,0.46062317233034183,1999.7,1976.0,0.2415232793522265,2858.3,2727.5,586.5562036156467,2023.2,3861.849999999998,0.6741154903758011,1.0,0.1456909037592299,0.4508795806240234,1999.7,1976.0,0.2415232793522265,4845.375,4694.5,923.1675169626583,3522.2,6425.249999999999,0.6183938651613587,1.0,0.1358489391769714,0.45389034468857087,0.9999999999999998,0.9999999999999998,0.9999999999999998,0.9999999999999997,5,5,5,0,1.0
S4_P1_B1,WIPHFSP_S4_P1_B1_C093,True,True,2197.425,2191.5,0.20456308464522027,3559.56,3315.5,1007.8104367389733,2335.65,5690.049999999998,1.0117327703212178,1.0,0.6512583675947966,0.2670494610657802,2197.425,2191.5,0.20456308464522027,3559.56,3315.5,1007.8104367389733,2335.65,5690.049999999998,1.0117327703212178,1.0,0.6512583675947966,0.2670494610657802,2197.425,2191.5,0.20456308464522027,9370.495,8911.5,2049.8544753164797,6836.15,13632.8,0.7626830499915838,1.0,0.6101525713873152,0.28056394763343406,0.9999999999999998,0.9999999999999998,0.9999999999999998,0.9999999999999997,4,4,4,0,1.0
S4_P1_B1,WIPHFSP_S4_P1_B1_C009,True,True,2280.085,2267.5,0.1804189636163172,3649.285,3579.0,914.3895908063478,2117.15,5178.3499999999985,0.8553227158424135,1.0,0.6923913220945228,0.24435370034281106,2280.085,2267.5,0.1804189636163172,3649.285,3579.0,914.3895908063478,2117.15,5178.3499999999985,0.8553227158424135,1.0,0.6923913220945228,0.24435370034281106,2280.085,2267.5,0.1804189636163172,9607.41,9445.0,1897.3464158924696,6358.099999999999,12905.999999999995,0.693266278454208,1.0,0.6768417036465891,0.2520538279320599,0.9999999999999998,0.9999999999999998,0.9999999999999998,0.9999999999999997,5,5,5,0,1.0
S4_P1_B1,WIPHFSP_S4_P1_B1_C033,True,True,2291.265,2273.5,0.21332746866065508,2175.76,2129.0,573.6063740928965,1343.4,3195.8499999999985,0.8701033348990125,1.0,0.253969176651505,0.41386258311505136,2291.265,2273.5,0.21332746866065508,2175.76,2129.0,573.6063740928965,1343.4,3195.8499999999985,0.8701033348990125,1.0,0.253969176651505,0.41386258311505136,2291.265,2273.5,0.21332746866065508,6409.675,6433.0,1326.3398393228638,4565.05,8512.399999999998,0.6136095134462921,1.0,0.2180580832926841,0.42503147821707377,0.9999999999999998,0.9999999999999998,0.9999999999999998,0.9999999999999997,3,3,3,0,1.0
S4_P1_B1,WIPHFSP_S4_P1_B1_C003,True,True,2340.91,2325.0,0.22559139784946228,4202.735,4029.0,1051.5240723706709,2756.5499999999997,6173.45,0.8480764457681805,1.0,0.7708253096142008,0.21029308087420687,2340.91,2325.0,0.22559139784946228,4202.735,4029.0,1051.5240723706709,2756.5499999999997,6173.45,0.8480764457681805,1.0,0.7708253096142008,0.21029308087420687,2340.91,2325.0,0.22559139784946228,10773.89,10369.5,2067.4677066159943,7930.9,14507.599999999999,0.6342350161531413,1.0,0.7582190348312078,0.21681772406847935,0.9999999999999998,0.9999999999999998,0.9999999999999998,0.9999999999999997,1,1,1,0,1.0
S4_P1_B1,WIPHFSP_S4_P1_B1_C041,True,True,2144.265,2120.0,0.2206839622641508,3214.325,3015.5,1003.7930012582276,1955.0500000000002,5060.05,1.0296799867352011,1.0,0.6706084419865072,0.2557507424372074,2144.265,2120.0,0.2206839622641508,3214.325,3015.5,1003.7930012582276,1955.0500000000002,5060.05,1.0296799867352011,1.0,0.6706084419865072,0.2557507424372074,2144.265,2120.0,0.2206839622641508,8703.62,8362.5,2095.102724355061,6086.900000000001,12700.799999999992,0.7908998505231677,1.0,0.6674014444467635,0.255788202134085,0.9999999999999998,0.9999999999999998,0.9999999999999998,0.9999999999999997,2,2,2,0,1.0
S4_P1_B2,WIPHFSP_S4_P1_B2_C080,True,True,2377.345,2352.5,0.2463549415515407,4918.1,4788.0,1118.7690959264114,3411.3500000000004,7021.5999999999985,0.7540204678362568,1.0,0.1631375628769336,0.44371127789250997,2377.345,2352.5,0.2463549415515407,4918.1,4788.0,1118.7690959264114,3411.3500000000004,7021.5999999999985,0.7540204678362568,1.0,0.1631375628769336,0.44371127789250997,2377.345,2352.5,0.2463549415515407,9589.72,9338.5,1747.1023815449396,7119.65,12657.75,0.5930395673823419,1.0,0.13166680982021234,0.4547605860732088,0.9999999999999998,0.9999999999999998,0.9999999999999998,0.9999999999999997,1,1,1,0,1.0
S4_P1_B2,WIPHFSP_S4_P1_B2_C084,True,True,2632.945,2621.5,0.19403013541865324,11827.09,11811.5,2567.512545616866,7953.65,16435.79999999999,0.7181264022351088,1.0,0.7961692839771078,0.19650501082741603,2632.945,2621.5,0.19403013541865324,11827.09,11811.5,2567.512545616866,7953.65,16435.79999999999,0.7181264022351088,1.0,0.7961692839771078,0.19650501082741603,2632.945,2621.5,0.19403013541865324,20819.09,20690.0,3716.593519864662,15062.45,27481.349999999984,0.6002368293861761,1.0,0.7839214656564364,0.20357592545958197,0.9999999999999998,0.9999999999999998,0.9999999999999998,0.9999999999999997,4,4,4,0,1.0
S4_P1_B2,WIPHFSP_S4_P1_B2_C072,True,True,2000.99,1988.5,0.19773698767915518,6740.225,6505.0,1615.8559695638098,4605.05,9726.149999999994,0.7872559569561866,1.0,0.6836281842770542,0.250805964134596,2000.99,1988.5,0.19773698767915518,6740.225,6505.0,1615.8559695638098,4605.05,9726.149999999994,0.7872559569561866,1.0,0.6836281842770542,0.250805964134596,2000.99,1988.5,0.19773698767915518,12325.34,12022.5,2462.3379447996167,8990.8,16800.499999999993,0.6495903514244119,1.0,0.6533370686024347,0.2637384778119176,0.9999999999999998,0.9999999999999998,0.9999999999999998,0.9999999999999997,2,2,2,0,1.0
S4_P1_B2,WIPHFSP_S4_P1_B2_C038,True,True,2245.195,2238.0,0.19320822162645215,5946.85,5846.0,1395.4478017826393,3957.2,8367.55,0.7544218268901811,1.0,0.43786643852728097,0.3485268194409469,2245.195,2238.0,0.19320822162645215,5946.85,5846.0,1395.4478017826393,3957.2,8367.55,0.7544218268901811,1.0,0.43786643852728097,0.3485268194409469,2245.195,2238.0,0.19320822162645215,11324.54,11180.0,2266.49492573886,8103.799999999999,15391.15,0.6518202146690518,1.0,0.4035790910378123,0.3610719322990127,0.9999999999999998,0.9999999999999998,0.9999999999999998,0.9999999999999997,5,5,5,0,1.0
S4_P1_B2,WIPHFSP_S4_P1_B2_C051,True,True,2268.45,2247.5,0.19646273637374842,9471.3,9284.0,1873.5602685795832,6944.7,12762.499999999996,0.6266479965532094,1.0,0.7150555197742094,0.23836154776299878,2268.45,2247.5,0.19646273637374842,9471.3,9284.0,1873.5602685795832,6944.7,12762.499999999996,0.6266479965532094,1.0,0.7150555197742094,0.23836154776299878,2268.45,2247.5,0.19646273637374842,16583.905,16331.5,2738.464463157227,12869.65,21522.05,0.5297982426598903,1.0,0.7072490303936548,0.24225323726507786,0.9999999999999998,0.9999999999999998,0.9999999999999998,0.9999999999999997,3,3,3,0,1.0
S4_P1_B3,WIPHFSP_S4_P1_B3_C027,True,True,2338.51,2327.5,0.21299677765843172,6021.695,5957.5,939.4371889461264,4538.450000000001,7683.549999999999,0.5279227864036925,1.0,0.33298656922376857,0.38416998137052516,2338.51,2327.5,0.21299677765843172,11425.73,11368.5,1513.3437339547152,8851.35,14009.0,0.4536790253771385,1.0,0.2963103802065086,0.39687893279637554,2338.51,2327.5,0.21299677765843172,17988.455,17955.5,2039.6523742969046,14842.35,21393.75,0.36486870318286874,1.0,0.26959337936967337,0.4059495646046207,0.9999999999999998,0.9999999999999998,0.9999999999999998,0.9999999999999997,1,1,1,0,1.0
S4_P1_B3,WIPHFSP_S4_P1_B3_C006,True,True,2444.095,2417.0,0.1895531650806783,5499.77,5415.0,931.3399793308564,4321.1,7540.449999999999,0.594524469067405,1.0,0.04434139865745535,0.4856509918437217,2444.095,2417.0,0.1895531650806783,10872.425,10749.0,1541.5086001625161,8627.4,14019.199999999995,0.50160945204205,1.0,-0.018762694220873545,0.5067941620533467,2444.095,2417.0,0.1895531650806783,17634.125,17547.5,2112.8759261667497,14584.25,21861.55,0.41472004559053993,1.0,-0.055804293836032595,0.5182929897841075,0.9999999999999998,0.9999999999999998,0.9999999999999998,0.9999999999999997,4,4,4,0,1.0
S4_P1_B3,WIPHFSP_S4_P1_B3_C037,True,True,2247.8,2227.5,0.20107744107744063,5817.415,5558.0,1360.8779051682043,4089.8999999999996,8120.099999999993,0.72511694854264,1.0,0.3371299909220267,0.38800483432369826,2247.8,2227.5,0.20107744107744063,11074.365,10760.5,2117.0722311189575,8319.1,14455.999999999989,0.570317364434737,1.0,0.3033112687414629,0.4015506217590495,2247.8,2227.5,0.20107744107744063,17539.34,17181.5,2807.88317855284,13727.9,22600.55,0.5164071821435846,1.0,0.2847074768556269,0.4050352467270896,0.9999999999999998,0.9999999999999998,0.9999999999999998,0.9999999999999997,3,3,3,0,1.0
S4_P1_B3,WIPHFSP_S4_P1_B3_C061,True,True,2020.575,2014.5,0.20392156862745076,6473.95,6281.0,1322.652436394384,4839.5,8685.549999999997,0.6123308390383692,1.0,0.6447345723071467,0.2675560030203876,2020.575,2014.5,0.20392156862745076,11635.38,11325.0,2005.8076442171616,9072.15,15069.899999999996,0.5296026490066221,1.0,0.5974093282042646,0.2875478155828468,2020.575,2014.5,0.20392156862745076,17679.825,17266.5,2628.0862475145295,14258.5,22015.799999999996,0.4492688153360551,1.0,0.5717683342817972,0.2990386067347863,0.9999999999999998,0.9999999999999998,0.9999999999999998,0.9999999999999997,2,2,2,0,1.0
S4_P1_B3,WIPHFSP_S4_P1_B3_C041,True,True,1993.33,1993.0,0.16329653788258888,5482.865,5321.5,1221.432522399416,4034.6,7851.499999999999,0.7172601710044157,1.0,0.3975098095845303,0.361579928459872,1993.33,1993.0,0.16329653788258888,10417.63,10102.0,1917.3921750909487,7997.55,13592.699999999997,0.5538655711740246,1.0,0.37255015207619946,0.37155524207768653,1993.33,1993.0,0.16329653788258888,16351.605,16058.0,2517.150768026222,12987.150000000001,20543.149999999998,0.47054427699588963,1.0,0.35864747886660964,0.3769897239572839,0.9999999999999998,0.9999999999999998,0.9999999999999998,0.9999999999999997,5,5,5,0,1.0
S4_P2_B1,WIPHFSP_S4_P2_B1_C042,True,True,2546.125,2496.5,0.28543961546164615,6353.93,6146.0,1401.40969566362,4380.799999999999,9073.399999999998,0.7635209892613078,1.0,0.9350006713071624,0.10579826857257903,2546.125,2496.5,0.28543961546164615,6353.93,6146.0,1401.40969566362,4380.799999999999,9073.399999999998,0.7635209892613078,1.0,0.9350006713071624,0.10579826857257903,2546.125,2496.5,0.28543961546164615,15201.68,14865.0,2699.2180641067143,11521.45,20268.099999999995,0.588405650857719,1.0,0.937838121676489,0.10295893719806763,0.9999999999999998,0.9999999999999998,0.9999999999999998,0.9999999999999997,2,2,2,0,1.0
S4_P2_B1,WIPHFSP_S4_P2_B1_C013,True,True,2517.885,2488.0,0.2720257234726688,5480.56,5275.5,1422.632558463358,3485.75,8255.05,0.9040470097621076,1.0,0.862741818558248,0.15788414112436458,2517.885,2488.0,0.2720257234726688,5480.56,5275.5,1422.632558463358,3485.75,8255.05,0.9040470097621076,1.0,0.862741818558248,0.15788414112436458,2517.885,2488.0,0.2720257234726688,13644.13,13324.0,2765.3042062492873,9699.95,18925.449999999993,0.6923971780246166,1.0,0.8626480135065276,0.1582947453191061,0.9999999999999998,0.9999999999999998,0.9999999999999998,0.9999999999999997,4,4,4,0,1.0
S4_P2_B1,WIPHFSP_S4_P2_B1_C079,True,True,2491.155,2441.5,0.33932009010853964,5883.54,5639.0,1512.3654711742133,4005.5499999999997,9051.15,0.8947685759886503,1.0,0.8926226646431605,0.13777307963354474,2491.155,2441.5,0.33932009010853964,5883.54,5639.0,1512.3654711742133,4005.5499999999997,9051.15,0.8947685759886503,1.0,0.8926226646431605,0.13777307963354474,2491.155,2441.5,0.33932009010853964,14052.34,13535.0,2957.0171126322552,10210.0,20212.05,0.7389767270040634,1.0,0.87944001535781,0.1469685534591195,0.9999999999999998,0.9999999999999998,0.9999999999999998,0.9999999999999997,1,1,1,0,1.0
S4_P2_B1,WIPHFSP_S4_P2_B1_C025,True,True,2620.265,2584.5,0.27417295414973886,6559.49,6415.0,1361.2560118875508,4491.900000000001,9064.349999999997,0.7127747466874506,1.0,0.9290154187536674,0.11103281658949064,2620.265,2584.5,0.27417295414973886,6559.49,6415.0,1361.2560118875508,4491.900000000001,9064.349999999997,0.7127747466874506,1.0,0.9290154187536674,0.11103281658949064,2620.265,2584.5,0.27417295414973886,15759.37,15611.5,2613.724483012699,11702.45,20446.999999999993,0.5601351567754534,1.0,0.9268088346275507,0.11299577209583249,0.9999999999999998,0.9999999999999998,0.9999999999999998,0.9999999999999997,3,3,3,0,1.0
S4_P2_B1,WIPHFSP_S4_P2_B1_C020,True,True,2576.18,2552.0,0.2509404388714731,6400.51,6231.5,1375.8635179043015,4450.2,9130.549999999997,0.7510791944154693,1.0,0.9186280985910144,0.11791954080861991,2576.18,2552.0,0.2509404388714731,6400.51,6231.5,1375.8635179043015,4450.2,9130.549999999997,0.7510791944154693,1.0,0.9186280985910144,0.11791954080861991,2576.18,2552.0,0.2509404388714731,15240.2,14974.5,2653.1611277870024,11463.800000000001,20445.399999999998,0.599792981401716,1.0,0.9115424310874568,0.12297310907442845,0.9999999999999998,0.9999999999999998,0.9999999999999998,0.9999999999999997,5,5,5,0,1.0
S4_P2_B2,WIPHFSP_S4_P2_B2_C083,True,True,2576.11,2546.0,0.2829143754909662,14466.585,13811.5,2886.3543740807363,10528.050000000001,20139.049999999996,0.6958693842088111,1.0,0.8807044598528516,0.1429506545820745,2576.11,2546.0,0.2829143754909662,14466.585,13811.5,2886.3543740807363,10528.050000000001,20139.049999999996,0.6958693842088111,1.0,0.8807044598528516,0.1429506545820745,2576.11,2546.0,0.2829143754909662,24403.78,23480.5,4196.794064711777,18938.899999999998,32728.699999999993,0.5872873235237749,1.0,0.8871229407018446,0.1395629845936965,0.9999999999999998,0.9999999999999998,0.9999999999999998,0.9999999999999997,1,1,1,0,1.0
S4_P2_B2,WIPHFSP_S4_P2_B2_C015,True,True,2354.305,2313.0,0.27369217466493706,11938.2,11326.5,2933.215113148028,8019.349999999999,17530.999999999993,0.8397695669447749,1.0,0.8439437072847163,0.16619675762763064,2354.305,2313.0,0.27369217466493706,11938.2,11326.5,2933.215113148028,8019.349999999999,17530.999999999993,0.8397695669447749,1.0,0.8439437072847163,0.16619675762763064,2354.305,2313.0,0.27369217466493706,20464.795,19549.5,4227.771591864324,15034.65,28658.249999999993,0.6968771579835797,1.0,0.8438274525037248,0.16619675762763064,0.9999999999999998,0.9999999999999998,0.9999999999999998,0.9999999999999997,2,2,2,0,1.0
S4_P2_B2,WIPHFSP_S4_P2_B2_C006,True,True,2417.555,2380.0,0.23151260504201654,12116.42,11646.5,2484.877985656439,8767.300000000001,16945.549999999996,0.7022066715322194,1.0,0.7886108371927545,0.19464573268921095,2417.555,2380.0,0.23151260504201654,12116.42,11646.5,2484.877985656439,8767.300000000001,16945.549999999996,0.7022066715322194,1.0,0.7886108371927545,0.19464573268921095,2417.555,2380.0,0.23151260504201654,20675.56,19874.0,3683.320486517566,15680.25,27867.15,0.6132082117339238,1.0,0.7802768730900774,0.19907384104293552,0.9999999999999998,0.9999999999999998,0.9999999999999998,0.9999999999999997,5,5,5,0,1.0
S4_P2_B2,WIPHFSP_S4_P2_B2_C021,True,True,2294.29,2252.0,0.23774422735346332,12183.715,11917.5,2506.230263518298,8809.4,16264.0,0.625517096706524,1.0,0.8024147307638604,0.18505087136093482,2294.29,2252.0,0.23774422735346332,12183.715,11917.5,2506.230263518298,8809.4,16264.0,0.625517096706524,1.0,0.8024147307638604,0.18505087136093482,2294.29,2252.0,0.23774422735346332,20923.425,20423.0,3670.217894672604,15906.8,26785.699999999997,0.5326788424815159,1.0,0.7986386150426061,0.1876794439127588,0.9999999999999998,0.9999999999999998,0.9999999999999998,0.9999999999999997,4,4,4,0,1.0
S4_P2_B2,WIPHFSP_S4_P2_B2_C023,True,True,2488.965,2450.0,0.27240816326530604,14175.355,13920.0,3001.1590259389786,10428.7,18953.69999999999,0.6124281609195393,1.0,0.911362888130227,0.12520767255701556,2488.965,2450.0,0.27240816326530604,14175.355,13920.0,3001.1590259389786,10428.7,18953.69999999999,0.6124281609195393,1.0,0.911362888130227,0.12520767255701556,2488.965,2450.0,0.27240816326530604,23485.76,22943.0,4324.762882794847,18109.3,30251.699999999983,0.5292420346075049,1.0,0.9106935193482422,0.12570479258960934,0.9999999999999998,0.9999999999999998,0.9999999999999998,0.9999999999999997,3,3,3,0,1.0
S4_P2_B3,WIPHFSP_S4_P2_B3_C073,True,True,2373.81,2312.5,0.29932972972972893,12510.635,11913.5,3047.3132939976817,8596.9,18580.74999999999,0.8380282872371669,1.0,0.8928945507034363,0.13723318566250503,2373.81,2312.5,0.29932972972972893,21488.575,20569.5,4471.1264704070945,15932.400000000001,30253.199999999983,0.6962152701815786,1.0,0.8943211875727048,0.13696768347931138,2373.81,2312.5,0.29932972972972893,31250.27,30020.5,5790.727836559062,24022.0,42388.09999999997,0.6117852800586255,1.0,0.8996047342807129,0.13324943367732192,0.9999999999999998,0.9999999999999998,0.9999999999999998,0.9999999999999997,1,1,1,0,1.0
S4_P2_B3,WIPHFSP_S4_P2_B3_C069,True,True,2419.54,2402.0,0.19519150707743535,12021.565,11619.5,2243.654939106056,8897.95,16140.75,0.6233314686518351,1.0,0.7602215163920618,0.208484482063684,2419.54,2402.0,0.19519150707743535,20707.165,20137.0,3298.473992284159,15886.05,26492.999999999993,0.5267393355514721,1.0,0.7413356596568355,0.2170386417451761,2419.54,2402.0,0.19519150707743535,30232.965,29322.0,4248.886422790682,24217.8,38089.45,0.47307993997680914,1.0,0.7374171867174258,0.21874055415617127,0.9999999999999998,0.9999999999999998,0.9999999999999998,0.9999999999999997,4,4,4,0,1.0
S4_P2_B3,WIPHFSP_S4_P2_B3_C002,True,True,2723.915,2685.5,0.2153975051200894,14281.07,13663.0,2798.14717002162,10552.25,19190.249999999993,0.6322184000585517,1.0,0.7367118372022509,0.2182623577972415,2723.915,2685.5,0.2153975051200894,24530.15,23678.0,4057.6863959034586,19014.649999999998,31684.899999999994,0.5351064279077623,1.0,0.7095850690828379,0.23045557513214196,2723.915,2685.5,0.2153975051200894,35639.795,34649.5,5217.638629971895,28780.600000000002,45312.0,0.4771035657080188,1.0,0.703657590874445,0.23332494336773218,0.9999999999999998,0.9999999999999998,0.9999999999999998,0.9999999999999997,3,3,3,0,1.0
S4_P2_B3,WIPHFSP_S4_P2_B3_C043,True,True,2402.665,2385.0,0.18421383647798711,11791.795,11543.0,1972.5017396633646,8988.45,15551.999999999998,0.568617343844754,1.0,0.8514119015504271,0.16842953560995266,2402.665,2385.0,0.18421383647798711,20029.095,19666.5,2886.465888586768,15924.800000000001,25753.899999999994,0.4997889812625527,1.0,0.8410010554576619,0.17391961317618615,2402.665,2385.0,0.18421383647798711,29070.285,28633.5,3661.62482291332,23670.6,36183.049999999996,0.43698639705240355,1.0,0.8382892471002147,0.17478466730468947,0.9999999999999998,0.9999999999999998,0.9999999999999998,0.9999999999999997,5,5,5,0,1.0
S4_P2_B3,WIPHFSP_S4_P2_B3_C096,True,True,2265.72,2225.0,0.24617977528089877,10627.27,10156.0,2454.654914056149,7753.95,15030.149999999987,0.7164434816857016,1.0,0.8003607659131727,0.19031072165986807,2265.72,2225.0,0.24617977528089877,18439.3,17809.5,3604.6459701335443,14100.05,24938.049999999977,0.6085516157107149,1.0,0.7853708241185269,0.1969277260135986,2265.72,2225.0,0.24617977528089877,27058.565,26208.5,4629.125368336334,21338.4,35479.49999999998,0.5395615926130827,1.0,0.7830782161498308,0.19760298116628058,0.9999999999999998,0.9999999999999998,0.9999999999999998,0.9999999999999997,2,2,2,0,1.0
S4_P3_B1,WIPHFSP_S4_P3_B1_C068,True,True,2676.395,2646.5,0.22764027961458533,4391.305,4284.5,824.0081504299578,3313.7,5959.150000000001,0.6174466098727973,1.0,0.8639264372222084,0.163579625528488,2676.395,2646.5,0.22764027961458533,4391.305,4284.5,824.0081504299578,3313.7,5959.150000000001,0.6174466098727973,1.0,0.8639264372222084,0.163579625528488,2676.395,2646.5,0.22764027961458533,11170.65,11110.5,1642.9945518777597,8819.9,13998.699999999995,0.46611763647000537,1.0,0.8415410653288556,0.17656234275938412,0.9999999999999998,0.9999999999999998,0.9999999999999998,0.9999999999999997,3,3,3,0,1.0
S4_P3_B1,WIPHFSP_S4_P3_B1_C025,True,True,2630.145,2603.5,0.243460725945842,5569.34,5494.0,1181.4316418650722,3848.7000000000003,7723.0,0.7051874772479066,1.0,0.9113646634568661,0.13030562408740748,2630.145,2603.5,0.243460725945842,6339.555,6217.0,1465.8192033722985,4248.45,8958.099999999997,0.7575438314299495,1.0,0.8731678615291243,0.1575952872463622,2630.145,2603.5,0.243460725945842,13357.04,13264.0,2335.669466855274,9853.35,17407.949999999993,0.5695566948130272,1.0,0.8923387782550348,0.14241844542891663,0.9999999999999998,0.9999999999999998,0.9999999999999998,0.9999999999999997,1,1,1,0,1.0
S4_P3_B1,WIPHFSP_S4_P3_B1_C095,True,True,2748.83,2749.0,0.23588577664605312,4193.26,4162.5,782.6904192591091,3055.9500000000003,5558.4,0.601189189189189,1.0,0.7252919596244786,0.23224896767046027,2748.83,2749.0,0.23588577664605312,4193.26,4162.5,782.6904192591091,3055.9500000000003,5558.4,0.601189189189189,1.0,0.7252919596244786,0.23224896767046027,2748.83,2749.0,0.23588577664605312,10632.73,10610.0,1571.293205324837,8245.1,13563.15,0.5012299717247878,1.0,0.6866975130634076,0.25275665877851067,0.9999999999999998,0.9999999999999998,0.9999999999999998,0.9999999999999997,2,2,2,0,1.0
S4_P3_B1,WIPHFSP_S4_P3_B1_C094,True,True,2386.47,2363.0,0.2231273804485824,4188.03,4044.5,899.4132749187105,2948.4500000000003,5830.15,0.7124984546915561,1.0,0.7987745996823034,0.1925381400735109,2386.47,2363.0,0.2231273804485824,4188.03,4044.5,899.4132749187105,2948.4500000000003,5830.15,0.7124984546915561,1.0,0.7987745996823034,0.1925381400735109,2386.47,2363.0,0.2231273804485824,10546.86,10242.5,1875.3522683485362,8002.5,14084.349999999999,0.5937856968513544,1.0,0.776152001431915,0.2062037363412055,0.9999999999999998,0.9999999999999998,0.9999999999999998,0.9999999999999997,4,4,4,0,1.0
S4_P3_B1,WIPHFSP_S4_P3_B1_C084,True,True,2488.79,2473.0,0.20285078851597246,3158.655,3119.0,570.6114930274363,2254.0,4143.3499999999985,0.6057550496954146,1.0,0.7013899228352982,0.2452279022916142,2488.79,2473.0,0.20285078851597246,3158.655,3119.0,570.6114930274363,2254.0,4143.3499999999985,0.6057550496954146,1.0,0.7013899228352982,0.2452279022916142,2488.79,2473.0,0.20285078851597246,8385.96,8375.5,1209.3095544152457,6518.9,10316.949999999999,0.45347143454122124,1.0,0.6372324818805728,0.27171065887568,0.9999999999999998,0.9999999999999998,0.9999999999999998,0.9999999999999997,5,5,5,0,1.0
S4_P3_B2,WIPHFSP_S4_P3_B2_C061,True,True,2096.64,2073.0,0.23253738543174143,7253.17,7261.5,1292.7842593023786,5339.2,9599.15,0.5866487640294704,1.0,0.781058425108041,0.20260878323932313,2096.64,2073.0,0.23253738543174143,7253.17,7261.5,1292.7842593023786,5339.2,9599.15,0.5866487640294704,1.0,0.781058425108041,0.20260878323932313,2096.64,2073.0,0.23253738543174143,12819.6,12828.5,1902.5515420087836,9932.9,16309.099999999999,0.497033947850489,1.0,0.7591591230142211,0.21381810857085307,0.9999999999999998,0.9999999999999998,0.9999999999999998,0.9999999999999997,2,2,2,0,1.0
S4_P3_B2,WIPHFSP_S4_P3_B2_C090,True,True,2321.59,2303.0,0.21521927920104209,8274.54,8158.5,1226.9405154285191,6512.1,10185.05,0.45019917877060717,1.0,0.7154503528500515,0.2380280980915454,2321.59,2303.0,0.21521927920104209,8274.54,8158.5,1226.9405154285191,6512.1,10185.05,0.45019917877060717,1.0,0.7154503528500515,0.2380280980915454,2321.59,2303.0,0.21521927920104209,14366.96,14117.5,1862.684307229757,11599.449999999999,17366.6,0.40851071365326713,1.0,0.6989520186905355,0.24652567975830816,0.9999999999999998,0.9999999999999998,0.9999999999999998,0.9999999999999997,4,4,4,0,1.0
S4_P3_B2,WIPHFSP_S4_P3_B2_C094,True,True,2565.83,2544.0,0.19101808176100615,7506.6,7391.5,1284.7259046193471,5784.45,9734.050000000001,0.5343435026719882,1.0,0.6941479837219474,0.24505212267714155,2565.83,2544.0,0.19101808176100615,7506.6,7391.5,1284.7259046193471,5784.45,9734.050000000001,0.5343435026719882,1.0,0.6941479837219474,0.24505212267714155,2565.83,2544.0,0.19101808176100615,13479.625,13352.0,1909.4173154067184,10774.6,17030.0,0.46849910125823835,1.0,0.6797222183256665,0.25237927388086007,0.9999999999999998,0.9999999999999998,0.9999999999999998,0.9999999999999997,5,5,5,0,1.0
S4_P3_B2,WIPHFSP_S4_P3_B2_C035,True,True,2518.785,2504.5,0.26452385705729675,7985.885,7907.0,1272.3429851164346,5962.700000000001,10079.3,0.5206272922726696,1.0,0.7887419334890303,0.20050327126321088,2518.785,2504.5,0.26452385705729675,7985.885,7907.0,1272.3429851164346,5962.700000000001,10079.3,0.5206272922726696,1.0,0.7887419334890303,0.20050327126321088,2518.785,2504.5,0.26452385705729675,13985.265,13964.5,1826.0081173902267,11005.9,16942.1,0.4250921980736867,1.0,0.7946368435455199,0.19796647707253234,0.9999999999999998,0.9999999999999998,0.9999999999999998,0.9999999999999997,1,1,1,0,1.0
S4_P3_B2,WIPHFSP_S4_P3_B2_C030,True,True,2074.295,2063.5,0.22226799127695646,6913.58,6732.5,1349.139319566367,5128.8,9444.949999999997,0.6410917192721866,1.0,0.7788008670326445,0.2024889157597743,2074.295,2063.5,0.22226799127695646,6913.58,6732.5,1349.139319566367,5128.8,9444.949999999997,0.6410917192721866,1.0,0.7788008670326445,0.2024889157597743,2074.295,2063.5,0.22226799127695646,12398.43,12205.0,2038.9073483363584,9782.800000000001,15859.299999999996,0.4978697255223264,1.0,0.765196273060279,0.20804151760971432,0.9999999999999998,0.9999999999999998,0.9999999999999998,0.9999999999999997,3,3,3,0,1.0
S4_P3_B3,WIPHFSP_S4_P3_B3_C045,True,True,2289.255,2266.0,0.2050308914386583,5616.56,5492.0,998.44358698927,4337.8,7360.049999999998,0.5503004369992712,1.0,0.5916105609907254,0.29021207999597,2289.255,2266.0,0.2050308914386583,10069.215,9894.0,1566.3862578479805,7887.9,13035.749999999998,0.5203001819284412,1.0,0.5911032641809352,0.28818168084999246,2289.255,2266.0,0.2050308914386583,16164.27,15782.5,2101.8116369218246,13223.4,20101.05,0.4357769681609377,1.0,0.5794609823127194,0.2940791461081462,0.9999999999999998,0.9999999999999998,0.9999999999999998,0.9999999999999997,3,3,3,0,1.0
S4_P3_B3,WIPHFSP_S4_P3_B3_C058,True,True,2439.045,2420.0,0.23200413223140479,8407.725,8313.5,1424.1809328083984,6393.25,10885.0,0.5402959042521199,1.0,0.8314722617346955,0.1829256015302527,2439.045,2420.0,0.23200413223140479,14535.01,14402.0,2139.5007431407917,11708.75,18490.25,0.4708721010970698,1.0,0.8112928055930347,0.19368802536870186,2439.045,2420.0,0.23200413223140479,21433.285,21182.5,2833.36314364661,17535.45,26169.849999999995,0.40761949722648383,1.0,0.8049092390566414,0.19802677942212826,0.9999999999999998,0.9999999999999998,0.9999999999999998,0.9999999999999997,2,2,2,0,1.0
S4_P3_B3,WIPHFSP_S4_P3_B3_C072,True,True,2176.8,2163.0,0.1795654184003696,8515.785,8397.5,1452.993502660972,6373.25,10681.85,0.5130812741887466,1.0,0.6035743591080417,0.2795184364295789,2176.8,2163.0,0.1795654184003696,12399.045,12337.0,1936.0013230819343,9569.0,15376.249999999996,0.4707181648699032,1.0,0.583149325480206,0.28887993553585817,2176.8,2163.0,0.1795654184003696,20665.34,20605.0,2606.756182384536,16811.2,24914.499999999993,0.39326862412035873,1.0,0.5963832695411444,0.28273569701853346,0.9999999999999998,0.9999999999999998,0.9999999999999998,0.9999999999999997,5,5,5,0,1.0
S4_P3_B3,WIPHFSP_S4_P3_B3_C018,True,True,2732.355,2709.5,0.18318878021775242,9801.975,9701.5,1385.6455767529444,7693.450000000001,12184.8,0.46295418234293645,1.0,0.7225311093858744,0.2380688683044704,2732.355,2709.5,0.18318878021775242,16071.035,15989.0,1991.7223887316727,12846.35,19372.699999999997,0.4081774970292073,1.0,0.7080211493640505,0.24450037754845205,2732.355,2709.5,0.18318878021775242,24779.375,24679.5,2685.9868473942684,20820.800000000003,29051.749999999996,0.3335136449279764,1.0,0.6659426393825864,0.2627340446949869,0.9999999999999998,0.9999999999999998,0.9999999999999998,0.9999999999999997,4,4,4,0,1.0
S4_P3_B3,WIPHFSP_S4_P3_B3_C061,True,True,2338.3,2319.5,0.2376805345979735,7290.185,7110.0,1486.4086520116196,5250.05,9898.349999999999,0.6537693389592121,1.0,0.7543128827606302,0.2134905042567125,2338.3,2319.5,0.2376805345979735,12470.445,12289.0,2248.6858777906264,9294.3,16562.649999999998,0.5914517047766293,1.0,0.7393609721623138,0.2187358348023168,2338.3,2319.5,0.2376805345979735,19585.55,19407.0,3014.6598842157964,15158.9,25294.2,0.5222497037151543,1.0,0.7242674152214116,0.22849516518936341,0.9999999999999998,0.9999999999999998,0.9999999999999998,0.9999999999999997,1,1,1,0,1.0
S4_P4_B1,WIPHFSP_S4_P4_B1_C094,True,True,2424.12,2402.5,0.2165036420395421,2236.01,2042.5,885.770641814234,1271.75,3999.1999999999994,1.3353488372093014,1.0,0.08395792035073517,0.4709021345147,2424.12,2402.5,0.2165036420395421,2236.01,2042.5,885.770641814234,1271.75,3999.1999999999994,1.3353488372093014,1.0,0.08395792035073517,0.4709021345147,2424.12,2402.5,0.2165036420395421,6555.335,6162.0,2043.6835109123429,4227.75,10535.0,1.0235718922427781,1.0,0.07530584279861564,0.47342460237567946,0.9999999999999998,0.9999999999999998,0.9999999999999998,0.9999999999999997,3,3,3,0,1.0
S4_P4_B1,WIPHFSP_S4_P4_B1_C060,True,True,2512.61,2491.0,0.22515054195102374,1626.005,1595.0,422.5076389546111,998.7,2263.1499999999996,0.7927586206896544,1.0,0.10862862192100803,0.4644026805058699,2512.61,2491.0,0.22515054195102374,1626.005,1595.0,422.5076389546111,998.7,2263.1499999999996,0.7927586206896544,1.0,0.10862862192100803,0.4644026805058699,2512.61,2491.0,0.22515054195102374,4977.36,4941.0,1013.8495057946224,3534.4,6474.999999999999,0.5951426836672735,1.0,0.07270507179519316,0.4773127864229239,0.9999999999999998,0.9999999999999998,0.9999999999999998,0.9999999999999997,2,2,2,0,1.0
S4_P4_B1,WIPHFSP_S4_P4_B1_C044,True,True,2411.745,2408.5,0.18580029063732625,1820.98,1730.0,515.140805605613,1120.0,2887.0,1.0213872832369937,1.0,0.1575232914307783,0.4442988864815841,2411.745,2408.5,0.18580029063732625,1820.98,1730.0,515.140805605613,1120.0,2887.0,1.0213872832369937,1.0,0.1575232914307783,0.4442988864815841,2411.745,2408.5,0.18580029063732625,5606.145,5435.0,1256.2052793930616,3783.7999999999997,7931.45,0.7631370745170192,1.0,0.11810965156014024,0.4594159113796576,0.9999999999999998,0.9999999999999998,0.9999999999999998,0.9999999999999997,5,5,5,0,1.0
S4_P4_B1,WIPHFSP_S4_P4_B1_C026,True,True,2373.85,2361.5,0.20508151598560218,1760.785,1633.5,668.8861104664978,1055.3000000000002,3062.3499999999985,1.2286807468625633,1.0,0.023066177397070176,0.4896499622261395,2373.85,2361.5,0.20508151598560218,1760.785,1633.5,668.8861104664978,1055.3000000000002,3062.3499999999985,1.2286807468625633,1.0,0.023066177397070176,0.4896499622261395,2373.85,2361.5,0.20508151598560218,5244.095,4995.0,1558.2255728792927,3326.0,8013.999999999998,0.938538538538538,1.0,-0.010920102756120357,0.5027190332326285,0.9999999999999998,0.9999999999999998,0.9999999999999998,0.9999999999999997,4,4,4,0,1.0
S4_P4_B1,WIPHFSP_S4_P4_B1_C039,True,True,2722.51,2700.5,0.24980559155711876,1585.93,1478.5,472.92362501782463,957.8000000000001,2430.0499999999993,0.9957727426445709,1.0,0.1117733047647156,0.46168177240684793,2722.51,2700.5,0.24980559155711876,1585.93,1478.5,472.92362501782463,957.8000000000001,2430.0499999999993,0.9957727426445709,1.0,0.1117733047647156,0.46168177240684793,2722.51,2700.5,0.24980559155711876,5059.57,4765.0,1218.5262554003505,3447.0,7303.5999999999985,0.809359916054564,1.0,0.06870444283207262,0.4770988524260117,0.9999999999999998,0.9999999999999998,0.9999999999999998,0.9999999999999997,1,1,1,0,1.0
S4_P4_B2,WIPHFSP_S4_P4_B2_C056,True,True,2669.205,2641.5,0.22685973878478113,4426.61,4163.5,1205.9111857429634,3055.55,6335.3499999999985,0.7877506905247983,1.0,0.05176026218179735,0.48368908578332664,2669.205,2641.5,0.22685973878478113,4426.61,4163.5,1205.9111857429634,3055.55,6335.3499999999985,0.7877506905247983,1.0,0.05176026218179735,0.48368908578332664,2669.205,2641.5,0.22685973878478113,8735.195,8334.5,2003.7519674288533,6398.7,12083.2,0.6820445137680724,1.0,0.007647657963708173,0.4986159343701243,0.9999999999999998,0.9999999999999998,0.9999999999999998,0.9999999999999997,3,3,3,0,1.0
S4_P4_B2,WIPHFSP_S4_P4_B2_C066,True,True,2080.335,2065.5,0.2373275236020331,3667.71,3440.5,1024.6920151440627,2440.4,5574.149999999998,0.9108414474640305,1.0,0.16419443537568404,0.4448808984237297,2080.335,2065.5,0.2373275236020331,3667.71,3440.5,1024.6920151440627,2440.4,5574.149999999998,0.9108414474640305,1.0,0.16419443537568404,0.4448808984237297,2080.335,2065.5,0.2373275236020331,7265.165,6914.5,1725.9915201920894,5148.3,10357.549999999996,0.7533805770482312,1.0,0.13439765211932925,0.45473769006142384,0.9999999999999998,0.9999999999999998,0.9999999999999998,0.9999999999999997,1,1,1,0,1.0
S4_P4_B2,WIPHFSP_S4_P4_B2_C070,True,True,2156.29,2135.5,0.22795598220557214,4103.695,3970.0,918.0361332621935,2842.1,5863.999999999999,0.7611838790931986,1.0,0.2859772792770565,0.40347519516494584,2156.29,2135.5,0.22795598220557214,4103.695,3970.0,918.0361332621935,2842.1,5863.999999999999,0.7611838790931986,1.0,0.2859772792770565,0.40347519516494584,2156.29,2135.5,0.22795598220557214,8103.42,7928.0,1511.7151430080999,5993.599999999999,10864.399999999998,0.614379414732593,1.0,0.23219777671092137,0.42066847880801367,0.9999999999999998,0.9999999999999998,0.9999999999999998,0.9999999999999997,2,2,2,0,1.0
S4_P4_B2,WIPHFSP_S4_P4_B2_C059,True,True,2611.025,2583.5,0.22231468937487892,5136.69,4970.0,1134.526740055077,3679.4,7477.899999999999,0.7642857142857139,1.0,0.5043829894853666,0.32388480515557344,2611.025,2583.5,0.22231468937487892,5136.69,4970.0,1134.526740055077,3679.4,7477.899999999999,0.7642857142857139,1.0,0.5043829894853666,0.32388480515557344,2611.025,2583.5,0.22231468937487892,10058.705,9817.5,1846.4110587772702,7540.049999999999,13577.449999999997,0.6149630761395464,1.0,0.4583759912829268,0.34069972313113517,0.9999999999999998,0.9999999999999998,0.9999999999999998,0.9999999999999997,4,4,4,0,1.0
S4_P4_B2,WIPHFSP_S4_P4_B2_C018,True,True,2000.95,1991.5,0.21011800150640203,4390.605,4147.5,1276.6234914707625,2694.6499999999996,6485.349999999996,0.9139722724532839,1.0,0.26770563636412403,0.4075547720977084,2000.95,1991.5,0.21011800150640203,4390.605,4147.5,1276.6234914707625,2694.6499999999996,6485.349999999996,0.9139722724532839,1.0,0.26770563636412403,0.4075547720977084,2000.95,1991.5,0.21011800150640203,8515.55,8307.0,2101.3550122480497,5555.5,12159.749999999996,0.7950222703743824,1.0,0.25379581237992754,0.4131923464249748,0.9999999999999998,0.9999999999999998,0.9999999999999998,0.9999999999999997,5,5,5,0,1.0
S4_P4_B3,WIPHFSP_S4_P4_B3_C094,True,True,2510.46,2481.5,0.25446302639532525,4183.33,3972.0,927.1390085095114,3055.7000000000003,5797.399999999999,0.690256797583081,1.0,-0.03360778232673803,0.5099204350891329,2510.46,2481.5,0.25446302639532525,7610.915,7278.5,1538.4828948594131,5809.049999999999,10405.699999999999,0.6315380916397608,1.0,-0.014380673264018592,0.505008305229778,2510.46,2481.5,0.25446302639532525,12944.96,12408.5,2216.824627344256,10264.25,17009.3,0.5435830277632266,1.0,-0.013682766525302226,0.5058888665190255,0.9999999999999998,0.9999999999999998,0.9999999999999998,0.9999999999999997,1,1,1,0,1.0
S4_P4_B3,WIPHFSP_S4_P4_B3_C037,True,True,2490.125,2456.0,0.2471498371335504,4522.34,4326.0,1157.0910182003834,3168.95,6475.749999999999,0.7644012944983816,1.0,0.0592751793244343,0.4806966326068355,2490.125,2456.0,0.2471498371335504,8884.775,8604.0,1899.8066123621636,6507.8,12262.399999999998,0.6688284518828448,1.0,0.03824280432649236,0.4880479090131347,2490.125,2456.0,0.2471498371335504,14499.88,14107.0,2620.6159668291725,11393.800000000001,18929.799999999996,0.5342028780038275,1.0,0.006594619001216506,0.49838969404186795,0.9999999999999998,0.9999999999999998,0.9999999999999998,0.9999999999999997,2,2,2,0,1.0
S4_P4_B3,WIPHFSP_S4_P4_B3_C070,True,True,2713.775,2683.5,0.24384199739146625,3727.57,3660.0,649.6463538726282,2787.8,4945.45,0.589521857923497,1.0,0.10362644752155098,0.4647695794510199,2713.775,2683.5,0.24384199739146625,7558.89,7438.5,1074.9008781743553,5981.8,9548.599999999997,0.4795052766014648,1.0,0.0911928069174343,0.4683346757954088,2713.775,2683.5,0.24384199739146625,12626.095,12536.0,1536.955804821661,10202.15,15585.499999999998,0.4294312380344606,1.0,0.07003153131359201,0.47580685766074216,0.9999999999999998,0.9999999999999998,0.9999999999999998,0.9999999999999997,3,3,3,0,1.0
S4_P4_B3,WIPHFSP_S4_P4_B3_C098,True,True,2670.16,2642.5,0.23816461684011342,4389.545,4345.0,723.8567662010213,3367.1,5674.649999999998,0.531081703107019,1.0,0.14611522817024133,0.45112554766581053,2670.16,2642.5,0.23816461684011342,7125.185,7013.0,1097.836896253264,5578.1,9073.149999999996,0.49836731783829963,1.0,0.10429662509595038,0.46737488671835664,2670.16,2642.5,0.23816461684011342,13156.75,13028.5,1701.980751213127,10617.85,16065.449999999997,0.4181294853590203,1.0,0.07831109554980105,0.4748502089522179,0.9999999999999998,0.9999999999999998,0.9999999999999998,0.9999999999999997,5,5,5,0,1.0
S4_P4_B3,WIPHFSP_S4_P4_B3_C030,True,True,2558.17,2538.5,0.24114634626748074,3431.785,3256.5,729.1986552202357,2521.3,4740.55,0.6814831874712113,1.0,0.06086828690775618,0.48021546516310915,2558.17,2538.5,0.24114634626748074,6871.005,6576.5,1293.3980999580137,5222.0,9251.0,0.6126359005550064,1.0,0.06014629308006693,0.4797161264344675,2558.17,2538.5,0.24114634626748074,11449.53,11018.0,1905.57756837658,8913.0,15194.7,0.5701306952259938,1.0,0.059884465728533225,0.48195863318403703,0.9999999999999998,0.9999999999999998,0.9999999999999998,0.9999999999999997,4,4,4,0,1.0
S5_P1_B1,WIPHFSP_S5_P1_B1_C050,True,True,3223.2,3194.0,0.20499373825923586,4694.69,4458.0,1467.26897803368,2756.4500000000003,7569.25,1.0795872588604751,1.0,0.6713601959770642,0.2534835756325771,3223.2,3194.0,0.20499373825923586,4694.69,4458.0,1467.26897803368,2756.4500000000003,7569.25,1.0795872588604751,1.0,0.6713601959770642,0.2534835756325771,3223.2,3194.0,0.20499373825923586,12748.565,12406.0,3131.4054409761443,8444.05,18814.6,0.8359301950669029,1.0,0.6325165567994817,0.26936619718309857,0.9999999999999998,0.9999999999999998,0.9999999999999998,0.9999999999999997,3,3,3,0,1.0
S5_P1_B1,WIPHFSP_S5_P1_B1_C090,True,True,2873.775,2856.0,0.21755952380952387,4091.26,3955.5,1214.9733216824145,2441.65,6256.199999999999,0.9643660725571983,1.0,0.6729652771227066,0.2536862764833174,2873.775,2856.0,0.21755952380952387,4091.26,3955.5,1214.9733216824145,2441.65,6256.199999999999,0.9643660725571983,1.0,0.6729652771227066,0.2536862764833174,2873.775,2856.0,0.21755952380952387,11183.19,10975.5,2599.7137234511033,7523.0,15617.49999999999,0.7375062639515274,1.0,0.6448865863392396,0.26795510594393274,0.9999999999999998,0.9999999999999998,0.9999999999999998,0.9999999999999997,2,2,2,0,1.0
S5_P1_B1,WIPHFSP_S5_P1_B1_C058,True,True,2963.24,2944.0,0.1867357336956518,4090.13,3957.5,1245.1748724978352,2322.4500000000003,6493.549999999999,1.0539734680985464,1.0,0.7176929386376497,0.2341539545889342,2963.24,2944.0,0.1867357336956518,4090.13,3957.5,1245.1748724978352,2322.4500000000003,6493.549999999999,1.0539734680985464,1.0,0.7176929386376497,0.2341539545889342,2963.24,2944.0,0.1867357336956518,11137.905,10714.0,2653.7699157943216,7455.8,16270.55,0.822731939518387,1.0,0.6756361572161634,0.25458207452165155,0.9999999999999998,0.9999999999999998,0.9999999999999998,0.9999999999999997,4,4,4,0,1.0
S5_P1_B1,WIPHFSP_S5_P1_B1_C038,True,True,3158.065,3113.0,0.22557018952778674,4509.51,4174.0,1640.680523410941,2443.1499999999996,7808.399999999998,1.2853977000479149,1.0,0.8365607567930146,0.1739283558059972,3158.065,3113.0,0.22557018952778674,4509.51,4174.0,1640.680523410941,2443.1499999999996,7808.399999999998,1.2853977000479149,1.0,0.8365607567930146,0.1739283558059972,3158.065,3113.0,0.22557018952778674,12123.975,11508.0,3408.2279962430625,7315.35,18518.100000000002,0.9734749739311783,1.0,0.8026981437749453,0.19139622641509435,0.9999999999999998,0.9999999999999998,0.9999999999999998,0.9999999999999997,1,1,1,0,1.0
S5_P1_B1,WIPHFSP_S5_P1_B1_C049,True,True,3045.145,3017.5,0.18102734051367006,4360.66,4124.0,1180.6273139310306,2907.5,6397.25,0.846205140640155,1.0,0.6091295155486384,0.2798266827891979,3045.145,3017.5,0.18102734051367006,4360.66,4124.0,1180.6273139310306,2907.5,6397.25,0.846205140640155,1.0,0.6091295155486384,0.2798266827891979,3045.145,3017.5,0.18102734051367006,11844.875,11547.0,2503.743577001247,8541.2,16161.299999999997,0.6599203256257032,1.0,0.553367707447817,0.30203978846638124,0.9999999999999998,0.9999999999999998,0.9999999999999998,0.9999999999999997,5,5,5,0,1.0
S5_P1_B2,WIPHFSP_S5_P1_B2_C072,True,True,2913.88,2881.5,0.22262710393892046,10335.315,9973.5,2813.186503908868,6605.8,15530.39999999999,0.894831302952824,1.0,0.7062658398278773,0.23571464532044506,2913.88,2881.5,0.22262710393892046,10335.315,9973.5,2813.186503908868,6605.8,15530.39999999999,0.894831302952824,1.0,0.7062658398278773,0.23571464532044506,2913.88,2881.5,0.22262710393892046,18978.07,18495.0,4341.079384795906,12721.75,27213.499999999996,0.7835496080021626,1.0,0.6953408782467633,0.24200775310879524,0.9999999999999998,0.9999999999999998,0.9999999999999998,0.9999999999999997,1,1,1,0,1.0
S5_P1_B2,WIPHFSP_S5_P1_B2_C068,True,True,2872.825,2840.5,0.1881182890336209,8464.69,7901.5,2758.248354282116,5249.599999999999,13741.599999999999,1.0747326457001833,1.0,0.6142529380776098,0.27271354507474704,2872.825,2840.5,0.1881182890336209,8464.69,7901.5,2758.248354282116,5249.599999999999,13741.599999999999,1.0747326457001833,1.0,0.6142529380776098,0.27271354507474704,2872.825,2840.5,0.1881182890336209,16044.385,15303.5,4375.247356067426,10608.15,24673.449999999997,0.9190904041559118,1.0,0.5736847612383053,0.28968293910417714,0.9999999999999998,0.9999999999999998,0.9999999999999998,0.9999999999999997,3,3,3,0,1.0
S5_P1_B2,WIPHFSP_S5_P1_B2_C086,True,True,2995.05,2980.5,0.2087736956886428,9007.68,8422.5,2566.7912259472914,5791.550000000001,14051.25,0.9806708222024336,1.0,0.6965941811905585,0.24585871809073057,2995.05,2980.5,0.2087736956886428,9007.68,8422.5,2566.7912259472914,5791.550000000001,14051.25,0.9806708222024336,1.0,0.6965941811905585,0.24585871809073057,2995.05,2980.5,0.2087736956886428,16786.45,16168.5,3941.0015500504437,11470.949999999999,24255.5,0.7907072393852244,1.0,0.6708849699731957,0.255425205175973,0.9999999999999998,0.9999999999999998,0.9999999999999998,0.9999999999999997,2,2,2,0,1.0
S5_P1_B2,WIPHFSP_S5_P1_B2_C095,True,True,2892.005,2881.5,0.17093527676557332,8036.39,7680.5,2122.0741970770014,5314.65,11417.599999999997,0.794603215936462,1.0,0.6092859575429537,0.28117765475591344,2892.005,2881.5,0.17093527676557332,8036.39,7680.5,2122.0741970770014,5314.65,11417.599999999997,0.794603215936462,1.0,0.6092859575429537,0.28117765475591344,2892.005,2881.5,0.17093527676557332,15108.26,14540.5,3358.123529949427,10560.95,20966.099999999984,0.7155978130050537,1.0,0.5817742438516761,0.29200422684043675,0.9999999999999998,0.9999999999999998,0.9999999999999998,0.9999999999999997,4,4,4,0,1.0
S5_P1_B2,WIPHFSP_S5_P1_B2_C036,True,True,2655.01,2646.5,0.1697525033062535,7591.86,7370.0,2145.0175990886414,4480.599999999999,10979.399999999998,0.881791044776119,1.0,0.5968589845170807,0.27872404757105423,2655.01,2646.5,0.1697525033062535,7591.86,7370.0,2145.0175990886414,4480.599999999999,10979.399999999998,0.881791044776119,1.0,0.5968589845170807,0.27872404757105423,2655.01,2646.5,0.1697525033062535,14382.69,13894.0,3414.233255637347,9308.25,19624.449999999997,0.7424931625161937,1.0,0.564157586400139,0.2913937317343545,0.9999999999999998,0.9999999999999998,0.9999999999999998,0.9999999999999997,5,5,5,0,1.0
S5_P1_B3,WIPHFSP_S5_P1_B3_C062,True,True,2723.375,2706.5,0.18769628671716249,7585.07,7228.5,2130.8992949222165,4880.8,12003.499999999998,0.9853634917341076,1.0,0.4326137886168015,0.34600856207504405,2723.375,2706.5,0.18769628671716249,14157.755,13879.0,3297.9576202515095,9645.85,20570.34999999999,0.7871244325960076,1.0,0.42040120792765473,0.35052377115229655,2723.375,2706.5,0.18769628671716249,22127.58,21764.0,4385.250815358228,16223.949999999999,30490.399999999998,0.6555068002205476,1.0,0.40985708501883567,0.35549176612781386,0.9999999999999998,0.9999999999999998,0.9999999999999998,0.9999999999999997,1,1,1,0,1.0
S5_P1_B3,WIPHFSP_S5_P1_B3_C069,True,True,2698.435,2675.5,0.1765090637264062,5888.82,5648.5,1407.8699860427453,4037.8999999999996,8418.099999999997,0.7754625121713723,1.0,0.5365090913755809,0.3087265219799587,2698.435,2675.5,0.1765090637264062,11399.195,11190.5,2344.209185839651,7962.05,15598.549999999992,0.6824091863634324,1.0,0.5330872481807744,0.3108257804632427,2698.435,2675.5,0.1765090637264062,18273.505,17962.5,3259.6488200379804,13380.2,24300.399999999994,0.6079443284620734,1.0,0.525541026236833,0.3115274210605832,0.9999999999999998,0.9999999999999998,0.9999999999999998,0.9999999999999997,2,2,2,0,1.0
S5_P1_B3,WIPHFSP_S5_P1_B3_C049,True,True,2657.135,2638.5,0.16653401553913189,5305.13,5075.0,1433.6051629022547,3668.85,8055.849999999991,0.8644334975369439,1.0,0.2191318474694356,0.4241554649348034,2657.135,2638.5,0.16653401553913189,10397.945,10091.0,2463.59643853757,7181.200000000001,15259.699999999997,0.8005648597760375,1.0,0.1809016110828112,0.43767619814740233,2657.135,2638.5,0.16653401553913189,16927.415,16648.5,3537.2063005675823,12241.800000000001,23411.299999999992,0.6709012823978131,1.0,0.15117004681722176,0.44703987112364074,0.9999999999999998,0.9999999999999998,0.9999999999999998,0.9999999999999997,5,5,5,0,1.0
S5_P1_B3,WIPHFSP_S5_P1_B3_C018,True,True,2773.79,2762.5,0.17473303167420803,5048.31,4739.0,1392.2424479594063,3342.85,7805.499999999999,0.9416860097066889,1.0,0.32902115278911376,0.38453016416557556,2773.79,2762.5,0.17473303167420803,10079.785,9636.5,2382.0064879791994,7041.55,14759.549999999997,0.800913194624604,1.0,0.29439224651393675,0.3971099139016162,2773.79,2762.5,0.17473303167420803,16656.585,15971.5,3376.0974012571082,12190.4,22986.949999999993,0.6759884794790716,1.0,0.26618714751584793,0.40985752403967174,0.9999999999999998,0.9999999999999998,0.9999999999999998,0.9999999999999997,3,3,3,0,1.0
S5_P1_B3,WIPHFSP_S5_P1_B3_C066,True,True,2535.635,2529.5,0.17210911247282043,5342.645,5081.5,1438.5784542300778,3627.4500000000003,7828.349999999996,0.8267047131752426,1.0,0.3783559281331521,0.3716257050765512,2535.635,2529.5,0.17210911247282043,10254.23,9903.0,2369.9961428449624,7169.900000000001,14375.699999999992,0.727638089467837,1.0,0.3522985310082602,0.3802689227980057,2535.635,2529.5,0.17210911247282043,16421.915,16054.5,3333.7167887772052,12121.35,22207.799999999996,0.6282631038026718,1.0,0.3184269256375541,0.3923444976076555,0.9999999999999998,0.9999999999999998,0.9999999999999998,0.9999999999999997,4,4,4,0,1.0
S5_P2_B1,WIPHFSP_S5_P2_B1_C084,True,True,3179.705,3156.0,0.2304499366286437,5905.535,5557.5,1570.42881366046,3813.7000000000003,8976.7,0.9290148448043183,1.0,0.8342443705181667,0.17847253687761164,3179.705,3156.0,0.2304499366286437,5905.535,5557.5,1570.42881366046,3813.7000000000003,8976.7,0.9290148448043183,1.0,0.8342443705181667,0.17847253687761164,3179.705,3156.0,0.2304499366286437,15123.265,14520.0,3152.9738747371507,10840.25,21068.699999999997,0.7044387052341595,1.0,0.8008041069317154,0.19399979865096145,0.9999999999999998,0.9999999999999998,0.9999999999999998,0.9999999999999997,5,5,5,0,1.0
S5_P2_B1,WIPHFSP_S5_P2_B1_C018,True,True,3082.08,3039.0,0.2643797301743993,6272.08,5992.0,1747.3073094335753,4012.7,9314.499999999998,0.8848130841121491,1.0,0.900840290777644,0.13119372201821017,3082.08,3039.0,0.2643797301743993,6272.08,5992.0,1747.3073094335753,4012.7,9314.499999999998,0.8848130841121491,1.0,0.900840290777644,0.13119372201821017,3082.08,3039.0,0.2643797301743993,15708.43,15338.5,3452.1575405968947,11099.050000000001,21833.6,0.6998435309841247,1.0,0.8812907943889658,0.14463953312874175,0.9999999999999998,0.9999999999999998,0.9999999999999998,0.9999999999999997,3,3,3,0,1.0
S5_P2_B1,WIPHFSP_S5_P2_B1_C077,True,True,3163.775,3124.5,0.27157945271243394,6061.795,5728.5,1630.4326214152488,4034.4,8945.15,0.8572488435017892,1.0,0.8948367935444782,0.13843443241882708,3163.775,3124.5,0.27157945271243394,6061.795,5728.5,1630.4326214152488,4034.4,8945.15,0.8572488435017892,1.0,0.8948367935444782,0.13843443241882708,3163.775,3124.5,0.27157945271243394,15402.545,14800.5,3209.5446729988043,11391.75,21068.7,0.6538258842606668,1.0,0.8809485773119391,0.14476267176725222,0.9999999999999998,0.9999999999999998,0.9999999999999998,0.9999999999999997,1,1,1,0,1.0
S5_P2_B1,WIPHFSP_S5_P2_B1_C010,True,True,3063.29,3031.5,0.26702952333828117,5739.61,5450.0,1697.7532176084956,3500.4,8797.849999999999,0.9720091743119262,1.0,0.896918149860304,0.13858148893360162,3063.29,3031.5,0.26702952333828117,5739.61,5450.0,1697.7532176084956,3500.4,8797.849999999999,0.9720091743119262,1.0,0.896918149860304,0.13858148893360162,3063.29,3031.5,0.26702952333828117,14696.19,14175.5,3417.0772472831222,10198.7,20582.2,0.7324962082466226,1.0,0.8890203099413085,0.14377703994365632,0.9999999999999998,0.9999999999999998,0.9999999999999998,0.9999999999999997,2,2,2,0,1.0
S5_P2_B1,WIPHFSP_S5_P2_B1_C035,True,True,3162.3,3114.0,0.25401412973667287,5902.44,5608.5,1564.149930920946,3768.95,8917.55,0.9179994650976194,1.0,0.8455211105356805,0.1714400765087834,3162.3,3114.0,0.25401412973667287,5902.44,5608.5,1564.149930920946,3768.95,8917.55,0.9179994650976194,1.0,0.8455211105356805,0.1714400765087834,3162.3,3114.0,0.25401412973667287,15313.225,14931.0,3165.8703265255513,10863.9,20956.449999999997,0.6759460183510814,1.0,0.8364853863337981,0.17915555331890695,0.9999999999999998,0.9999999999999998,0.9999999999999998,0.9999999999999997,4,4,4,0,1.0
S5_P2_B2,WIPHFSP_S5_P2_B2_C050,True,True,3112.77,3081.0,0.20441415124959414,13341.095,12652.0,3238.8582935928207,9385.050000000001,18716.349999999995,0.737535567499209,1.0,0.8031313694377298,0.19131266357962554,3112.77,3081.0,0.20441415124959414,13341.095,12652.0,3238.8582935928207,9385.050000000001,18716.349999999995,0.737535567499209,1.0,0.8031313694377298,0.19131266357962554,3112.77,3081.0,0.20441415124959414,23605.185,22716.5,4875.7335448909635,17009.350000000002,31704.799999999992,0.6469064336495495,1.0,0.7808993968422723,0.20304006442520636,0.9999999999999998,0.9999999999999998,0.9999999999999998,0.9999999999999997,5,5,5,0,1.0
S5_P2_B2,WIPHFSP_S5_P2_B2_C032,True,True,2833.98,2804.5,0.2354252094847564,11742.895,11213.5,2774.648670368016,7801.950000000001,17048.3,0.8245730592589287,1.0,0.8518851311873911,0.1607250755287009,2833.98,2804.5,0.2354252094847564,11742.895,11213.5,2774.648670368016,7801.950000000001,17048.3,0.8245730592589287,1.0,0.8518851311873911,0.1607250755287009,2833.98,2804.5,0.2354252094847564,20898.99,20224.5,4126.954429103864,14945.55,28795.85,0.6848278078568073,1.0,0.8430609428884405,0.16722896419759303,0.9999999999999998,0.9999999999999998,0.9999999999999998,0.9999999999999997,2,2,2,0,1.0
S5_P2_B2,WIPHFSP_S5_P2_B2_C077,True,True,3163.75,3145.0,0.20481717011128772,14070.735,13907.0,2777.4323600719786,10072.1,18694.199999999997,0.6199827425037747,1.0,0.8505254694892582,0.16163446054750402,3163.75,3145.0,0.20481717011128772,14070.735,13907.0,2777.4323600719786,10072.1,18694.199999999997,0.6199827425037747,1.0,0.8505254694892582,0.16163446054750402,3163.75,3145.0,0.20481717011128772,24843.275,24534.5,4108.277729094639,18853.75,31795.6,0.527495975055534,1.0,0.8434438248920286,0.16780718526718325,0.9999999999999998,0.9999999999999998,0.9999999999999998,0.9999999999999997,4,4,4,0,1.0
S5_P2_B2,WIPHFSP_S5_P2_B2_C095,True,True,2987.405,2958.0,0.2065922920892491,12352.025,12149.5,2953.476096801022,8277.85,17744.3,0.7791637515947156,1.0,0.830477214907428,0.1759730124364332,2987.405,2958.0,0.2065922920892491,12352.025,12149.5,2953.476096801022,8277.85,17744.3,0.7791637515947156,1.0,0.830477214907428,0.1759730124364332,2987.405,2958.0,0.2065922920892491,22022.22,21762.0,4428.827093215539,15797.55,29616.399999999994,0.6349990809668227,1.0,0.8190201144363373,0.1814611550274407,0.9999999999999998,0.9999999999999998,0.9999999999999998,0.9999999999999997,3,3,3,0,1.0
S5_P2_B2,WIPHFSP_S5_P2_B2_C015,True,True,3011.33,2971.0,0.26963985190171647,13630.725,12966.5,3151.15342523575,9565.15,20234.499999999996,0.822839625187984,1.0,0.8493045578830174,0.1611832176275279,3011.33,2971.0,0.26963985190171647,13630.725,12966.5,3151.15342523575,9565.15,20234.499999999996,0.822839625187984,1.0,0.8493045578830174,0.1611832176275279,3011.33,2971.0,0.26963985190171647,23755.485,23097.5,4710.933071035397,17330.899999999998,33986.75,0.7211105097954325,1.0,0.8302027316121277,0.16925707962376138,0.9999999999999998,0.9999999999999998,0.9999999999999998,0.9999999999999997,1,1,1,0,1.0
S5_P2_B3,WIPHFSP_S5_P2_B3_C016,True,True,2842.71,2822.5,0.2120814880425154,12892.41,12434.5,2670.0520035946865,9485.15,17307.949999999997,0.6291205919015639,1.0,0.8600496968932122,0.1615922701424186,2842.71,2822.5,0.2120814880425154,22648.25,22027.0,3948.5050598296057,17579.0,29291.44999999999,0.5317315113270074,1.0,0.8532422248662146,0.16464488850858208,2842.71,2822.5,0.2120814880425154,33566.85,32855.5,5152.067232432046,27066.7,42505.39999999999,0.4698969731095246,1.0,0.8528712364666665,0.1640499194847021,0.9999999999999998,0.9999999999999998,0.9999999999999998,0.9999999999999997,3,3,3,0,1.0
S5_P2_B3,WIPHFSP_S5_P2_B3_C041,True,True,2770.195,2731.0,0.20075064079091884,11397.28,10712.0,2671.5010633724255,8267.949999999999,16513.449999999997,0.7697442120985807,1.0,0.8294649752708723,0.1758662369057212,2770.195,2731.0,0.20075064079091884,20556.835,19710.0,3948.988204309428,15822.6,27776.499999999996,0.6064890918315574,1.0,0.813289246470739,0.1837413115744938,2770.195,2731.0,0.20075064079091884,31035.015,30101.0,5103.569783472643,24788.05,40216.899999999994,0.5125693498554864,1.0,0.8005627501614963,0.19032989171493325,0.9999999999999998,0.9999999999999998,0.9999999999999998,0.9999999999999997,4,4,4,0,1.0
S5_P2_B3,WIPHFSP_S5_P2_B3_C019,True,True,2806.82,2790.5,0.21413725138864004,11224.165,10745.0,2510.1979299997442,7799.900000000001,16063.449999999997,0.7690600279199622,1.0,0.8266944329119729,0.1770392749244713,2806.82,2790.5,0.21413725138864004,20368.485,19635.0,3774.727331844646,15057.45,27317.2,0.6243824802648332,1.0,0.8069863124074838,0.1882583958511656,2806.82,2790.5,0.21413725138864004,30920.37,30019.5,4888.483533070353,23816.949999999997,39532.799999999996,0.5235213777711154,1.0,0.8050932345544333,0.18976889381199336,0.9999999999999998,0.9999999999999998,0.9999999999999998,0.9999999999999997,2,2,2,0,1.0
S5_P2_B3,WIPHFSP_S5_P2_B3_C056,True,True,2962.7,2932.0,0.2245225102319236,12615.95,11970.5,2918.8736967364657,8732.45,17782.05,0.7559918132074681,1.0,0.8556261335714196,0.16209275391510147,2962.7,2932.0,0.2245225102319236,22296.43,21332.5,4374.956347793655,16687.15,29917.9,0.6202156334231806,1.0,0.8479361214636818,0.1687311178247734,2962.7,2932.0,0.2245225102319236,33206.375,31772.5,5729.667961965597,25807.1,43347.15,0.5520513022267686,1.0,0.8405150010808558,0.1736065656311364,0.9999999999999998,0.9999999999999998,0.9999999999999998,0.9999999999999997,1,1,1,0,1.0
S5_P2_B3,WIPHFSP_S5_P2_B3_C082,True,True,2879.45,2865.5,0.1867387890420519,11827.125,11599.5,2366.678002892451,8254.65,15525.75,0.6268459847407215,1.0,0.8099137572546888,0.18933897621926643,2879.45,2865.5,0.1867387890420519,21080.1,20759.0,3532.244137938373,15896.75,26417.999999999996,0.5068283636013293,1.0,0.8002428619206589,0.19623154818882563,2879.45,2865.5,0.1867387890420519,31512.545,31026.5,4558.354905881616,24756.85,38472.0,0.44204631524664406,1.0,0.7970601594636814,0.19783375314861462,0.9999999999999998,0.9999999999999998,0.9999999999999998,0.9999999999999997,5,5,5,0,1.0
S5_P3_B1,WIPHFSP_S5_P3_B1_C097,True,True,3225.135,3207.5,0.18966484801247055,5145.41,5002.5,1052.8638904910738,3683.0499999999997,6807.499999999998,0.6245777111444274,1.0,0.7461135408216312,0.2272498490034226,3225.135,3207.5,0.18966484801247055,5145.41,5002.5,1052.8638904910738,3683.0499999999997,6807.499999999998,0.6245777111444274,1.0,0.7461135408216312,0.2272498490034226,3225.135,3207.5,0.18966484801247055,13184.835,12908.5,2182.874295000745,10032.65,16881.6,0.5305767517527209,1.0,0.7250008250704949,0.23628585807750377,0.9999999999999998,0.9999999999999998,0.9999999999999998,0.9999999999999997,4,4,4,0,1.0
S5_P3_B1,WIPHFSP_S5_P3_B1_C006,True,True,2980.26,2952.5,0.19790008467400494,4186.215,4057.5,1123.5302660698553,2774.9,5971.9,0.7879235982747995,1.0,0.7720549079805026,0.21148233873402436,2980.26,2952.5,0.19790008467400494,4186.215,4057.5,1123.5302660698553,2774.9,5971.9,0.7879235982747995,1.0,0.7720549079805026,0.21148233873402436,2980.26,2952.5,0.19790008467400494,11328.76,11093.0,2366.829704985131,8300.1,15092.150000000001,0.6122825205084287,1.0,0.7658969021623472,0.21534591194968553,0.9999999999999998,0.9999999999999998,0.9999999999999998,0.9999999999999997,3,3,3,0,1.0
S5_P3_B1,WIPHFSP_S5_P3_B1_C049,True,True,3153.825,3136.0,0.2198820153061223,4904.905,4738.0,1245.0142593460528,3133.5,7121.699999999997,0.8417475728155333,1.0,0.7635486990117079,0.20997533846695857,3153.825,3136.0,0.2198820153061223,4904.905,4738.0,1245.0142593460528,3133.5,7121.699999999997,0.8417475728155333,1.0,0.7635486990117079,0.20997533846695857,3153.825,3136.0,0.2198820153061223,13034.68,12807.5,2624.4821084549235,9167.4,18104.949999999997,0.697837204762834,1.0,0.7443047516626716,0.21929736259311455,0.9999999999999998,0.9999999999999998,0.9999999999999998,0.9999999999999997,2,2,2,0,1.0
S5_P3_B1,WIPHFSP_S5_P3_B1_C098,True,True,3261.6,3241.0,0.18895402653502003,5646.525,5389.5,1195.9620309085904,4036.7999999999997,8148.149999999996,0.7628444197049812,1.0,0.8067674482834328,0.1894477168604944,3261.6,3241.0,0.18895402653502003,5646.525,5389.5,1195.9620309085904,4036.7999999999997,8148.149999999996,0.7628444197049812,1.0,0.8067674482834328,0.1894477168604944,3261.6,3241.0,0.18895402653502003,14555.9,14174.0,2472.360940477745,10911.300000000001,19568.149999999998,0.610755608861295,1.0,0.7796032647890639,0.20686531105294947,0.9999999999999998,0.9999999999999998,0.9999999999999998,0.9999999999999997,5,5,5,0,1.0
S5_P3_B1,WIPHFSP_S5_P3_B1_C065,True,True,3283.44,3270.5,0.22661672527136506,5493.365,5369.5,1453.9570391779118,3537.4,8056.649999999996,0.8416519228978482,1.0,0.8301361489617511,0.17601167706865312,3283.44,3270.5,0.22661672527136506,5493.365,5369.5,1453.9570391779118,3537.4,8056.649999999996,0.8416519228978482,1.0,0.8301361489617511,0.17601167706865312,3283.44,3270.5,0.22661672527136506,14212.945,13974.5,2928.384066678242,9895.3,19203.45,0.6660810762460195,1.0,0.8091833329285917,0.18859759472651336,0.9999999999999998,0.9999999999999998,0.9999999999999998,0.9999999999999997,1,1,1,0,1.0
S5_P3_B2,WIPHFSP_S5_P3_B2_C006,True,True,3146.465,3107.0,0.19005471515931732,10336.9,10290.0,1601.7052225674986,7895.299999999999,12973.0,0.49345966958211857,1.0,0.8173806800642885,0.1902795265676152,3146.465,3107.0,0.19005471515931732,10336.9,10290.0,1601.7052225674986,7895.299999999999,12973.0,0.49345966958211857,1.0,0.8173806800642885,0.1902795265676152,3146.465,3107.0,0.19005471515931732,18278.08,18178.5,2435.620313924155,14458.050000000001,22359.3,0.4346480732733723,1.0,0.7839880056015175,0.20650586635782264,0.9999999999999998,0.9999999999999998,0.9999999999999998,0.9999999999999997,3,3,3,0,1.0
S5_P3_B2,WIPHFSP_S5_P3_B2_C055,True,True,3175.06,3163.5,0.16783625730994128,11277.905,11203.5,1651.5244036873933,8849.0,14202.0,0.47779711697237465,1.0,0.7331443757242474,0.22349209545866477,3175.06,3163.5,0.16783625730994128,11277.905,11203.5,1651.5244036873933,8849.0,14202.0,0.47779711697237465,1.0,0.7331443757242474,0.22349209545866477,3175.06,3163.5,0.16783625730994128,19798.565,19536.5,2452.3676245161532,16348.650000000001,23996.55,0.3914672536022316,1.0,0.7035686843453056,0.23704747998590203,0.9999999999999998,0.9999999999999998,0.9999999999999998,0.9999999999999997,5,5,5,0,1.0
S5_P3_B2,WIPHFSP_S5_P3_B2_C014,True,True,2810.25,2795.0,0.1857423971377458,8352.0,8177.0,1664.3285402828374,5942.2,11306.249999999998,0.6559924177571234,1.0,0.7361471022680757,0.22893689882661025,2810.25,2795.0,0.1857423971377458,8352.0,8177.0,1664.3285402828374,5942.2,11306.249999999998,0.6559924177571234,1.0,0.7361471022680757,0.22893689882661025,2810.25,2795.0,0.1857423971377458,15432.985,15136.5,2552.895643142312,11493.05,19803.499999999993,0.5490337924883555,1.0,0.7019098396773441,0.2438324438626523,0.9999999999999998,0.9999999999999998,0.9999999999999998,0.9999999999999997,4,4,4,0,1.0
S5_P3_B2,WIPHFSP_S5_P3_B2_C009,True,True,3135.59,3126.5,0.19520230289461044,9440.31,9281.0,1815.9564818298923,6800.95,12785.649999999998,0.644833530869518,1.0,0.7382062868376973,0.2240954154295204,3135.59,3126.5,0.19520230289461044,9440.31,9281.0,1815.9564818298923,6800.95,12785.649999999998,0.644833530869518,1.0,0.7382062868376973,0.2240954154295204,3135.59,3126.5,0.19520230289461044,17138.435,16972.0,2812.5404949573617,13030.9,22408.999999999996,0.5525630450153192,1.0,0.722049028545911,0.23207366779046948,0.9999999999999998,0.9999999999999998,0.9999999999999998,0.9999999999999997,2,2,2,0,1.0
S5_P3_B2,WIPHFSP_S5_P3_B2_C080,True,True,3078.49,3059.0,0.2159856162144489,9644.835,9568.0,1550.5552546668564,7268.95,12341.8,0.5301891722408025,1.0,0.7510351317001963,0.21981782497106336,3078.49,3059.0,0.2159856162144489,9644.835,9568.0,1550.5552546668564,7268.95,12341.8,0.5301891722408025,1.0,0.7510351317001963,0.21981782497106336,3078.49,3059.0,0.2159856162144489,17020.97,16942.0,2307.7267492274727,13646.15,21082.75,0.43894463463581634,1.0,0.7213785660412327,0.2339204831404127,0.9999999999999998,0.9999999999999998,0.9999999999999998,0.9999999999999997,1,1,1,0,1.0
S5_P3_B3,WIPHFSP_S5_P3_B3_C095,True,True,2909.745,2885.5,0.1885461791717205,8172.12,7962.5,1653.4674250193136,5830.75,11022.949999999999,0.652081632653061,1.0,0.7487010365133098,0.2196031026493402,2909.745,2885.5,0.1885461791717205,14924.29,14632.0,2603.706253765966,10922.949999999999,19165.65,0.5633337889557136,1.0,0.730477237762736,0.22871242257918326,2909.745,2885.5,0.1885461791717205,22742.715,22480.0,3467.694318098843,17570.05,28538.05,0.4879003558718861,1.0,0.722537402303607,0.23198549775920238,0.9999999999999998,0.9999999999999998,0.9999999999999998,0.9999999999999997,3,3,3,0,1.0
S5_P3_B3,WIPHFSP_S5_P3_B3_C004,True,True,2697.225,2666.0,0.18167666916729172,5685.16,5395.5,1370.6015629642336,3862.7999999999997,7950.749999999987,0.7576591604114515,1.0,0.5634555765874615,0.2991078179343717,2697.225,2666.0,0.18167666916729172,10835.66,10421.0,2263.004466279287,7807.35,15043.699999999992,0.6944007292966117,1.0,0.5644212550623097,0.29804929683955844,2697.225,2666.0,0.18167666916729172,17171.405,16754.0,3121.470547830782,12935.449999999999,23357.9,0.6220872627432257,1.0,0.567905735058381,0.29662298387096775,0.9999999999999998,0.9999999999999998,0.9999999999999998,0.9999999999999997,5,5,5,0,1.0
S5_P3_B3,WIPHFSP_S5_P3_B3_C023,True,True,2830.17,2801.5,0.20319471711583056,7891.045,7678.5,1812.81120444877,5287.1,11167.649999999998,0.7658461939180825,1.0,0.7470913793603251,0.2213552154651631,2830.17,2801.5,0.20319471711583056,14591.885,14429.5,2825.072289654727,10673.6,19479.949999999993,0.6103018122596064,1.0,0.7204919004795276,0.23499798630688684,2830.17,2801.5,0.20319471711583056,22461.855,22091.0,3718.3909159709124,16870.350000000002,29183.649999999998,0.5573898872844143,1.0,0.7099913072178585,0.2383972616530756,0.9999999999999998,0.9999999999999998,0.9999999999999998,0.9999999999999997,1,1,1,0,1.0
S5_P3_B3,WIPHFSP_S5_P3_B3_C008,True,True,3044.965,3036.0,0.1822957839262186,6364.21,6208.5,1256.0760549823406,4574.85,8405.149999999996,0.6169445115567359,1.0,0.5589494464422735,0.3002668815146785,3044.965,3036.0,0.1822957839262186,12200.38,11927.0,2157.031069688149,9095.45,15902.5,0.5707260836756937,1.0,0.5063981309713863,0.3198409102351105,3044.965,3036.0,0.1822957839262186,19448.52,18891.5,3061.9740559972092,15180.6,24775.699999999993,0.5079056718630068,1.0,0.4570956910522852,0.33959224767178453,0.9999999999999998,0.9999999999999998,0.9999999999999998,0.9999999999999997,4,4,4,0,1.0
S5_P3_B3,WIPHFSP_S5_P3_B3_C070,True,True,2994.505,2979.5,0.19363987246182218,7049.385,6830.0,1340.9856885049146,5056.700000000001,9443.399999999998,0.6422693997071737,1.0,0.7341660929597617,0.22877857214781996,2994.505,2979.5,0.19363987246182218,13158.28,12828.0,2099.8366487896146,10296.25,17040.55,0.5257483629560336,1.0,0.7144877404479691,0.23857229158276277,2994.505,2979.5,0.19363987246182218,20410.285,19962.5,2758.393041931298,16608.85,25423.749999999996,0.4415729492798997,1.0,0.7055384861918371,0.2438963000251699,0.9999999999999998,0.9999999999999998,0.9999999999999998,0.9999999999999997,2,2,2,0,1.0
S5_P4_B1,WIPHFSP_S5_P4_B1_C093,True,True,3274.465,3255.5,0.18863461833819667,2229.5,2107.5,598.4995822889102,1398.95,3322.799999999998,0.9128588374851706,1.0,0.13822962368090697,0.4505688110339273,3274.465,3255.5,0.18863461833819667,2229.5,2107.5,598.4995822889102,1398.95,3322.799999999998,0.9128588374851706,1.0,0.13822962368090697,0.4505688110339273,3274.465,3255.5,0.18863461833819667,6946.505,6875.5,1516.0960325701667,4605.799999999999,9659.949999999999,0.7350956294087702,1.0,0.08395285625967214,0.470132353681244,0.9999999999999998,0.9999999999999998,0.9999999999999998,0.9999999999999997,2,2,2,0,1.0
S5_P4_B1,WIPHFSP_S5_P4_B1_C070,True,True,3119.675,3122.5,0.14805444355484373,2100.52,2046.0,582.2286918385249,1274.35,3161.6499999999987,0.922434017595307,1.0,0.17864690160409502,0.43901209677419356,3119.675,3122.5,0.14805444355484373,2100.52,2046.0,582.2286918385249,1274.35,3161.6499999999987,0.922434017595307,1.0,0.17864690160409502,0.43901209677419356,3119.675,3122.5,0.14805444355484373,6627.025,6526.0,1481.8682716000772,4607.8,9287.75,0.7171238124425374,1.0,0.16273008406800316,0.4454632475187667,0.9999999999999998,0.9999999999999998,0.9999999999999998,0.9999999999999997,5,5,5,0,1.0
S5_P4_B1,WIPHFSP_S5_P4_B1_C058,True,True,3093.47,3057.5,0.16904333605887154,2104.31,1930.0,733.2093997624416,1246.15,3648.099999999999,1.2445336787564756,1.0,0.0870338243928224,0.4703511511914958,3093.47,3057.5,0.16904333605887154,2104.31,1930.0,733.2093997624416,1246.15,3648.099999999999,1.2445336787564756,1.0,0.0870338243928224,0.4703511511914958,3093.47,3057.5,0.16904333605887154,6582.905,6341.5,1672.9156990042864,4377.75,9876.199999999999,0.8670582669715364,1.0,0.06588983035937294,0.47798710457384647,0.9999999999999998,0.9999999999999998,0.9999999999999998,0.9999999999999997,4,4,4,0,1.0
S5_P4_B1,WIPHFSP_S5_P4_B1_C081,True,True,3451.565,3442.0,0.20595583962812317,2003.8,1865.5,648.2355513237453,1197.65,3148.0999999999945,1.045537389439825,1.0,0.014220927839098717,0.498540219470452,3451.565,3442.0,0.20595583962812317,2003.8,1865.5,648.2355513237453,1197.65,3148.0999999999945,1.045537389439825,1.0,0.014220927839098717,0.498540219470452,3451.565,3442.0,0.20595583962812317,6416.75,6160.0,1571.439476244631,4395.900000000001,9322.699999999999,0.7998051948051944,1.0,-0.02256721845094639,0.5082536487166582,0.9999999999999998,0.9999999999999998,0.9999999999999998,0.9999999999999997,1,1,1,0,1.0
S5_P4_B1,WIPHFSP_S5_P4_B1_C060,True,True,3161.33,3131.5,0.184224812390228,2167.09,1999.5,723.5537449975641,1263.2,3540.1999999999994,1.1387846961740424,1.0,0.1880297327354645,0.43600845836270263,3161.33,3131.5,0.184224812390228,2167.09,1999.5,723.5537449975641,1263.2,3540.1999999999994,1.1387846961740424,1.0,0.1880297327354645,0.43600845836270263,3161.33,3131.5,0.184224812390228,6678.77,6341.5,1695.4040158911976,4730.750000000001,10095.3,0.8459433887881412,1.0,0.10751905077077047,0.4628744022149509,0.9999999999999998,0.9999999999999998,0.9999999999999998,0.9999999999999997,3,3,3,0,1.0
S5_P4_B2,WIPHFSP_S5_P4_B2_C027,True,True,2951.695,2935.0,0.20660988074957407,4004.755,3788.0,1156.637244331601,2730.1,5781.999999999999,0.8056758183738116,1.0,0.1902310019306642,0.43421781380595137,2951.695,2935.0,0.20660988074957407,4004.755,3788.0,1156.637244331601,2730.1,5781.999999999999,0.8056758183738116,1.0,0.1902310019306642,0.43421781380595137,2951.695,2935.0,0.20660988074957407,8066.875,7786.5,1979.5142256056156,5695.1,11361.449999999999,0.72771463430296,1.0,0.14686702506792085,0.4487360257830597,0.9999999999999998,0.9999999999999998,0.9999999999999998,0.9999999999999997,1,1,1,0,1.0
S5_P4_B2,WIPHFSP_S5_P4_B2_C040,True,True,2951.62,2929.5,0.1873869260966034,4200.155,4057.0,1083.506022583631,2881.95,6130.2,0.8006531920138031,1.0,0.17860204595653523,0.44086400483359345,2951.62,2929.5,0.1873869260966034,4200.155,4057.0,1083.506022583631,2881.95,6130.2,0.8006531920138031,1.0,0.17860204595653523,0.44086400483359345,2951.62,2929.5,0.1873869260966034,8570.675,8380.0,2015.842883107461,5917.650000000001,12638.599999999997,0.8020226730310256,1.0,0.14804312983889123,0.45143749055938776,0.9999999999999998,0.9999999999999998,0.9999999999999998,0.9999999999999997,4,4,4,0,1.0
S5_P4_B2,WIPHFSP_S5_P4_B2_C037,True,True,2986.075,2982.5,0.2061860854987424,4878.2,4629.5,1361.3618291989826,3101.45,7478.399999999998,0.9454476725348303,1.0,0.09659883130942576,0.46512916058210385,2986.075,2982.5,0.2061860854987424,4878.2,4629.5,1361.3618291989826,3101.45,7478.399999999998,0.9454476725348303,1.0,0.09659883130942576,0.46512916058210385,2986.075,2982.5,0.2061860854987424,9753.955,9256.0,2457.5265457315004,6618.9,14769.099999999997,0.8805315471045804,1.0,0.07404010043633302,0.47129909365558914,0.9999999999999998,0.9999999999999998,0.9999999999999998,0.9999999999999997,2,2,2,0,1.0
S5_P4_B2,WIPHFSP_S5_P4_B2_C039,True,True,3108.03,3096.5,0.2024220894558371,4230.16,3939.0,1264.0429005377941,2747.5,7052.099999999999,1.0928154353896924,1.0,0.14919643812185118,0.4470505335212402,3108.03,3096.5,0.2024220894558371,4230.16,3939.0,1264.0429005377941,2747.5,7052.099999999999,1.0928154353896924,1.0,0.14919643812185118,0.4470505335212402,3108.03,3096.5,0.2024220894558371,8772.595,8246.5,2285.270157109439,5853.6,13717.699999999999,0.9536288122233672,1.0,0.08541772452380961,0.4683174794906638,0.9999999999999998,0.9999999999999998,0.9999999999999998,0.9999999999999997,3,3,3,0,1.0
S5_P4_B2,WIPHFSP_S5_P4_B2_C073,True,True,2761.675,2755.0,0.18143375680580737,4170.89,3897.0,1108.0463608983155,2865.8,6144.7,0.8413908134462404,1.0,0.26174098726981787,0.4105029958209556,2761.675,2755.0,0.18143375680580737,4170.89,3897.0,1108.0463608983155,2865.8,6144.7,0.8413908134462404,1.0,0.26174098726981787,0.4105029958209556,2761.675,2755.0,0.18143375680580737,8457.31,8079.5,2000.4319468304839,5942.55,12279.949999999997,0.7843802215483626,1.0,0.2293720969315944,0.42279615365251977,0.9999999999999998,0.9999999999999998,0.9999999999999998,0.9999999999999997,5,5,5,0,1.0
S5_P4_B3,WIPHFSP_S5_P4_B3_C099,True,True,2777.085,2750.0,0.22719999999999982,3393.215,3264.0,747.1660115228743,2414.7000000000003,4833.25,0.7409773284313722,1.0,-0.014793630579053708,0.505740759391681,2777.085,2750.0,0.22719999999999982,6753.415,6498.5,1308.0188006198534,4987.75,9221.049999999994,0.6514272524428704,1.0,-0.03553684978095509,0.5128889336421307,2777.085,2750.0,0.22719999999999982,11185.71,10727.5,1974.531447179305,8462.7,14983.25,0.6078350034956885,1.0,-0.053293736767920645,0.5177690526527736,0.9999999999999998,0.9999999999999998,0.9999999999999998,0.9999999999999997,1,1,1,0,1.0
S5_P4_B3,WIPHFSP_S5_P4_B3_C057,True,True,2977.895,2948.5,0.19937256231982356,3831.81,3674.0,956.8647834986926,2654.9500000000003,5420.549999999998,0.7527490473598251,1.0,0.07938317532924591,0.4769912395529151,2977.895,2948.5,0.19937256231982356,7554.57,7305.5,1751.5100442475343,5353.2,10598.049999999997,0.7179316952980627,1.0,0.06843491040968773,0.4806946891517745,2977.895,2948.5,0.19937256231982356,12431.975,12034.5,2668.74273664117,9010.9,17406.9,0.6976608916033072,1.0,0.05342218655764347,0.4835950080515298,0.9999999999999998,0.9999999999999998,0.9999999999999998,0.9999999999999997,4,4,4,0,1.0
S5_P4_B3,WIPHFSP_S5_P4_B3_C001,True,True,2945.8,2910.5,0.21558151520357313,3808.92,3615.0,908.9031651391692,2604.5,5437.749999999999,0.783748271092669,1.0,0.19839988840245554,0.4370344272196497,2945.8,2910.5,0.21558151520357313,7441.835,7184.5,1542.7989395170714,5279.45,10023.699999999999,0.6603451875565451,1.0,0.18537041420092215,0.43928948825039,2945.8,2910.5,0.21558151520357313,12253.355,11991.0,2267.8354611776845,8898.599999999999,16123.699999999999,0.6025435743474272,1.0,0.1695516484190508,0.44540056360708535,0.9999999999999998,0.9999999999999998,0.9999999999999998,0.9999999999999997,2,2,2,0,1.0
S5_P4_B3,WIPHFSP_S5_P4_B3_C040,True,True,2925.605,2904.5,0.1868996384919951,3407.755,3256.0,861.0845748095828,2316.95,4864.749999999996,0.7824938574938562,1.0,-0.0184782319297845,0.5065988313520048,2925.605,2904.5,0.1868996384919951,6845.95,6557.0,1572.6055759471285,4814.85,10214.25,0.8234558487113007,1.0,-0.029418515000522134,0.5123105583807462,2925.605,2904.5,0.1868996384919951,11453.04,11012.5,2428.3827989837187,8331.949999999999,16021.649999999983,0.6982701475595898,1.0,-0.043307285939622624,0.5155604794037667,0.9999999999999998,0.9999999999999998,0.9999999999999998,0.9999999999999997,5,5,5,0,1.0
S5_P4_B3,WIPHFSP_S5_P4_B3_C091,True,True,3010.23,2990.0,0.20448160535117055,3646.98,3496.0,992.5546935056022,2497.95,5351.149999999998,0.8161327231121274,1.0,0.1699964936084413,0.4424858984689766,3010.23,2990.0,0.20448160535117055,7275.01,7038.5,1725.7062698790892,5293.75,10127.949999999997,0.68682247637991,1.0,0.16135302260829554,0.4443717277486911,3010.23,2990.0,0.20448160535117055,12139.385,11855.0,2515.2754852649837,9215.2,16064.949999999997,0.5777941796710245,1.0,0.13831094998032709,0.4532595016360433,0.9999999999999998,0.9999999999999998,0.9999999999999998,0.9999999999999997,3,3,3,0,1.0
S6_P1_B1,WIPHFSP_S6_P1_B1_C064,True,True,3256.395,3241.0,0.2055692687442147,7618.715,7272.5,1943.7409353550693,4963.5,10831.099999999995,0.8068202131316595,1.0,0.694925557666349,0.23546292100891103,3256.395,3241.0,0.2055692687442147,7618.715,7272.5,1943.7409353550693,4963.5,10831.099999999995,0.8068202131316595,1.0,0.694925557666349,0.23546292100891103,3256.395,3241.0,0.2055692687442147,20137.185,19537.5,4063.5906475400548,14519.65,26701.249999999993,0.6234984005118358,1.0,0.6642281950930927,0.24963503649635035,0.9999999999999998,0.9999999999999998,0.9999999999999998,0.9999999999999997,1,1,1,0,1.0
S6_P1_B1,WIPHFSP_S6_P1_B1_C086,True,True,3534.19,3502.0,0.1944888635065676,8037.08,7771.5,2077.1081299730163,5241.400000000001,11603.4,0.8186321816895064,1.0,0.7631838792500559,0.21189553665777688,3534.19,3502.0,0.1944888635065676,8037.08,7771.5,2077.1081299730163,5241.400000000001,11603.4,0.8186321816895064,1.0,0.7631838792500559,0.21189553665777688,3534.19,3502.0,0.1944888635065676,21388.955,21009.0,4220.837701567664,16030.800000000001,29358.999999999996,0.6344043029177969,1.0,0.7371130425428644,0.22612458488477408,0.9999999999999998,0.9999999999999998,0.9999999999999998,0.9999999999999997,2,2,2,0,1.0
S6_P1_B1,WIPHFSP_S6_P1_B1_C009,True,True,3240.83,3223.0,0.15681042506981072,6260.255,5944.0,1624.8748936379686,4302.8,8995.699999999997,0.789518842530282,1.0,0.5057986629452504,0.3185502139441228,3240.83,3223.0,0.15681042506981072,6260.255,5944.0,1624.8748936379686,4302.8,8995.699999999997,0.789518842530282,1.0,0.5057986629452504,0.3185502139441228,3240.83,3223.0,0.15681042506981072,17203.95,16658.5,3533.2071178321826,12367.15,23299.399999999994,0.6562565657172011,1.0,0.4735063947665716,0.3305988928032209,0.9999999999999998,0.9999999999999998,0.9999999999999998,0.9999999999999997,3,3,3,0,1.0
S6_P1_B1,WIPHFSP_S6_P1_B1_C018,True,True,3348.005,3326.5,0.14274763264692614,5753.885,5581.0,1281.2625655091153,4137.1,8028.45,0.697249596846443,1.0,0.3590784022993101,0.37557313447876256,3348.005,3326.5,0.14274763264692614,5753.885,5581.0,1281.2625655091153,4137.1,8028.45,0.697249596846443,1.0,0.3590784022993101,0.37557313447876256,3348.005,3326.5,0.14274763264692614,16208.76,15923.5,2900.0866801528537,12491.9,21434.549999999996,0.5616007787232703,1.0,0.2872243161065651,0.40082603001913975,0.9999999999999998,0.9999999999999998,0.9999999999999998,0.9999999999999997,5,5,5,0,1.0
S6_P1_B1,WIPHFSP_S6_P1_B1_C045,True,True,3312.055,3302.0,0.15215021199273165,6927.095,6669.5,1607.3640209905782,4758.8,9768.699999999997,0.7511657545543139,1.0,0.6597305142623207,0.26139052509691385,3312.055,3302.0,0.15215021199273165,6927.095,6669.5,1607.3640209905782,4758.8,9768.699999999997,0.7511657545543139,1.0,0.6597305142623207,0.26139052509691385,3312.055,3302.0,0.15215021199273165,18555.03,18125.5,3434.469570268457,13758.65,24344.349999999995,0.5840225097238694,1.0,0.6151246436865554,0.27923483513717595,0.9999999999999998,0.9999999999999998,0.9999999999999998,0.9999999999999997,4,4,4,0,1.0
S6_P1_B2,WIPHFSP_S6_P1_B2_C059,True,True,2945.165,2940.0,0.15795918367346923,11692.98,11137.5,2937.423243184407,8161.049999999999,17305.94999999999,0.8210909090909081,1.0,0.43064912743880623,0.3480735331150844,2945.165,2940.0,0.15795918367346923,11692.98,11137.5,2937.423243184407,8161.049999999999,17305.94999999999,0.8210909090909081,1.0,0.43064912743880623,0.3480735331150844,2945.165,2940.0,0.15795918367346923,22136.025,21320.5,4610.631858473956,16137.3,30962.249999999996,0.6953378204075888,1.0,0.3865723327336824,0.36507377007905734,0.9999999999999998,0.9999999999999998,0.9999999999999998,0.9999999999999997,3,3,3,0,1.0
S6_P1_B2,WIPHFSP_S6_P1_B2_C060,True,True,2926.5,2915.5,0.1592522723375063,10955.44,10598.0,2473.877279979749,7870.400000000001,15396.599999999995,0.710152859030005,1.0,0.37511194253250707,0.36938343743703406,2926.5,2915.5,0.1592522723375063,10955.44,10598.0,2473.877279979749,7870.400000000001,15396.599999999995,0.710152859030005,1.0,0.37511194253250707,0.36938343743703406,2926.5,2915.5,0.1592522723375063,20863.765,20206.5,3919.105221829978,16200.75,27711.499999999996,0.5696558038255015,1.0,0.3451589713239937,0.3808108788718207,0.9999999999999998,0.9999999999999998,0.9999999999999998,0.9999999999999997,2,2,2,0,1.0
S6_P1_B2,WIPHFSP_S6_P1_B2_C019,True,True,3028.875,3014.5,0.16120417979764462,14229.79,13731.5,3344.8592131657797,9986.6,19465.14999999999,0.6902778283508713,1.0,0.5432036356033053,0.30913301782297853,3028.875,3014.5,0.16120417979764462,14229.79,13731.5,3344.8592131657797,9986.6,19465.14999999999,0.6902778283508713,1.0,0.5432036356033053,0.30913301782297853,3028.875,3014.5,0.16120417979764462,26087.505,25471.0,5240.223264325195,19373.65,34599.99999999999,0.5977916061403161,1.0,0.5110003233150598,0.3219716040680697,0.9999999999999998,0.9999999999999998,0.9999999999999998,0.9999999999999997,1,1,1,0,1.0
S6_P1_B2,WIPHFSP_S6_P1_B2_C009,True,True,3033.75,3024.0,0.14189814814814822,12148.35,11970.5,2254.5369762991245,8836.55,15998.0,0.5982582181195438,1.0,0.4306444137461793,0.3497355829765802,3033.75,3024.0,0.14189814814814822,12148.35,11970.5,2254.5369762991245,8836.55,15998.0,0.5982582181195438,1.0,0.4306444137461793,0.3497355829765802,3033.75,3024.0,0.14189814814814822,22654.215,22161.0,3591.9428167462524,17426.600000000002,28613.59999999999,0.5048057398131849,1.0,0.3926222217524757,0.3625283303953664,0.9999999999999998,0.9999999999999998,0.9999999999999998,0.9999999999999997,5,5,5,0,1.0
S6_P1_B2,WIPHFSP_S6_P1_B2_C090,True,True,3021.335,3004.0,0.14652130492676416,14290.965,14450.5,2859.287677687399,9789.949999999999,19464.35,0.6694854849313171,1.0,0.6635975186969308,0.2602650007557056,3021.335,3004.0,0.14652130492676416,14290.965,14450.5,2859.287677687399,9789.949999999999,19464.35,0.6694854849313171,1.0,0.6635975186969308,0.2602650007557056,3021.335,3004.0,0.14652130492676416,26224.265,26471.5,4489.935575793376,18822.45,34255.549999999996,0.5830081408307045,1.0,0.6453561785300499,0.26790571169537625,0.9999999999999998,0.9999999999999998,0.9999999999999998,0.9999999999999997,4,4,4,0,1.0
S6_P1_B3,WIPHFSP_S6_P1_B3_C035,True,True,2966.355,2952.0,0.1526761517615175,9594.625,9218.0,1818.8290998263142,7184.1,13085.499999999995,0.6402039487958335,1.0,0.03965132396903271,0.48435847060601483,2966.355,2952.0,0.1526761517615175,18445.91,17988.0,2972.8358383704945,14422.85,24194.749999999996,0.5432454969979984,1.0,0.005810142267735631,0.49811092640169263,2966.355,2952.0,0.1526761517615175,29459.78,29088.5,4060.399125898832,23556.05,37295.5,0.4723327088024477,1.0,-0.021513247681110445,0.5069017632241813,0.9999999999999998,0.9999999999999998,0.9999999999999998,0.9999999999999997,2,2,2,0,1.0
S6_P1_B3,WIPHFSP_S6_P1_B3_C048,True,True,3190.525,3172.0,0.15022068095838584,10936.42,10599.0,1881.5036921568876,8480.75,14262.249999999993,0.5454759883007824,1.0,0.38605290964460254,0.3681055759834786,3190.525,3172.0,0.15022068095838584,20700.42,20290.0,3110.443796888155,16732.85,25883.49999999997,0.450993100049284,1.0,0.3167804841975043,0.39186058225042814,3190.525,3172.0,0.15022068095838584,32679.38,32209.0,4313.444447955717,27257.2,40518.699999999975,0.4117327455059137,1.0,0.27378972834497095,0.40621537221718546,0.9999999999999998,0.9999999999999998,0.9999999999999998,0.9999999999999997,3,3,3,0,1.0
S6_P1_B3,WIPHFSP_S6_P1_B3_C078,True,True,3073.02,3062.5,0.1411265306122448,10544.055,10004.0,2184.4295507008233,8097.75,15162.799999999992,0.7062225109956008,1.0,0.2322901248319591,0.4194701853344077,3073.02,3062.5,0.1411265306122448,20103.935,19052.0,3634.0280242143153,15654.9,27696.299999999992,0.6320281335292879,1.0,0.20190013244699329,0.4306073119145936,3073.02,3062.5,0.1411265306122448,31785.0,30586.5,4970.52591885406,25724.699999999997,42495.79999999999,0.5483170679875106,1.0,0.18934151671339036,0.4345636739010021,0.9999999999999998,0.9999999999999998,0.9999999999999998,0.9999999999999997,5,5,5,0,1.0
S6_P1_B3,WIPHFSP_S6_P1_B3_C082,True,True,2987.595,2968.5,0.14199090449722077,11920.705,11400.0,2406.4464024729496,8845.9,16184.249999999996,0.6437149122807013,1.0,0.5197967560264036,0.3189099335079589,2987.595,2968.5,0.14199090449722077,22424.4,21532.0,3966.0707923586033,17181.2,28952.199999999997,0.5466747167007243,1.0,0.4715274525764964,0.33653991437924957,2987.595,2968.5,0.14199090449722077,34917.455,33915.5,5439.638354520915,27291.449999999997,43945.5,0.49104539222479404,1.0,0.44365078478784425,0.34471642993855145,0.9999999999999998,0.9999999999999998,0.9999999999999998,0.9999999999999997,4,4,4,0,1.0
S6_P1_B3,WIPHFSP_S6_P1_B3_C024,True,True,2919.11,2902.0,0.15854583046175044,10245.695,9928.0,1897.7335935201759,7634.05,13962.049999999997,0.6373892022562446,1.0,0.2722529444935975,0.4071910565011582,2919.11,2902.0,0.15854583046175044,19480.92,19018.5,3221.7787266663736,15189.050000000001,25509.2,0.5426374319741304,1.0,0.23264740233585263,0.4217947426729781,2919.11,2902.0,0.15854583046175044,30773.94,30304.0,4515.187468577578,24739.399999999998,39161.7,0.47592067053854276,1.0,0.2044663855075309,0.4316006850005037,0.9999999999999998,0.9999999999999998,0.9999999999999998,0.9999999999999997,1,1,1,0,1.0
S6_P2_B1,WIPHFSP_S6_P2_B1_C058,True,True,3581.115,3541.5,0.2409572215163067,11499.75,11123.5,2421.238804310719,8028.95,15676.499999999995,0.6875129230907532,1.0,0.9110259161940528,0.12658546406281457,3581.115,3541.5,0.2409572215163067,11499.75,11123.5,2421.238804310719,8028.95,15676.499999999995,0.6875129230907532,1.0,0.9110259161940528,0.12658546406281457,3581.115,3541.5,0.2409572215163067,28213.275,27577.5,4800.657365338106,21201.4,36436.85,0.5524594325083854,1.0,0.8944814771748106,0.13819828887770508,0.9999999999999998,0.9999999999999998,0.9999999999999998,0.9999999999999997,1,1,1,0,1.0
S6_P2_B1,WIPHFSP_S6_P2_B1_C085,True,True,3694.695,3661.5,0.1996312986480947,11892.755,11588.5,2318.498674783965,8650.2,16044.899999999998,0.638106743754584,1.0,0.9161956178731279,0.12159645679198752,3694.695,3661.5,0.1996312986480947,11892.755,11588.5,2318.498674783965,8650.2,16044.899999999998,0.638106743754584,1.0,0.9161956178731279,0.12159645679198752,3694.695,3661.5,0.1996312986480947,29130.965,28540.0,4546.209145406203,22585.05,37364.5,0.5178503854239664,1.0,0.9074585760326528,0.12747861097131355,0.9999999999999998,0.9999999999999998,0.9999999999999998,0.9999999999999997,3,3,3,0,1.0
S6_P2_B1,WIPHFSP_S6_P2_B1_C029,True,True,3254.03,3235.0,0.19700154559505367,8390.01,8107.0,1914.4843613620874,5625.0,11884.649999999998,0.7721290242999873,1.0,0.8841680511276634,0.14739331723027374,3254.03,3235.0,0.19700154559505367,8390.01,8107.0,1914.4843613620874,5625.0,11884.649999999998,0.7721290242999873,1.0,0.8841680511276634,0.14739331723027374,3254.03,3235.0,0.19700154559505367,21608.08,21306.5,3875.0834215020454,16067.15,27982.899999999998,0.5592542181963249,1.0,0.8722610903101671,0.1538268001811503,0.9999999999999998,0.9999999999999998,0.9999999999999998,0.9999999999999997,4,4,4,0,1.0
S6_P2_B1,WIPHFSP_S6_P2_B1_C052,True,True,3341.025,3312.0,0.1770531400966182,9270.585,9101.0,2026.0175697103418,6412.35,12573.599999999999,0.6769860454895064,1.0,0.8468545160967308,0.16673376950176144,3341.025,3312.0,0.1770531400966182,9270.585,9101.0,2026.0175697103418,6412.35,12573.599999999999,0.6769860454895064,1.0,0.8468545160967308,0.16673376950176144,3341.025,3312.0,0.1770531400966182,23582.125,23120.0,4056.321155847377,17731.15,30156.3,0.5374199826989619,1.0,0.8426321774370171,0.16900699582263828,0.9999999999999998,0.9999999999999998,0.9999999999999998,0.9999999999999997,5,5,5,0,1.0
S6_P2_B1,WIPHFSP_S6_P2_B1_C078,True,True,3492.77,3456.0,0.23524305555555536,10696.465,10359.5,2271.5539678323735,7561.2,15166.25,0.7341136155219845,1.0,0.8964969073306703,0.13960630317676082,3492.77,3456.0,0.23524305555555536,10696.465,10359.5,2271.5539678323735,7561.2,15166.25,0.7341136155219845,1.0,0.8964969073306703,0.13960630317676082,3492.77,3456.0,0.23524305555555536,26330.35,25769.0,4510.152313115378,20332.55,35019.799999999996,0.5699580891769178,1.0,0.8947943774091224,0.13944824808699155,0.9999999999999998,0.9999999999999998,0.9999999999999998,0.9999999999999997,2,2,2,0,1.0
S6_P2_B2,WIPHFSP_S6_P2_B2_C039,True,True,3207.035,3157.5,0.20570071258907344,20250.425,19682.0,4730.692313433098,14073.85,28440.39999999999,0.7299334417234016,1.0,0.8094313775524316,0.1813789632611978,3207.035,3157.5,0.20570071258907344,20250.425,19682.0,4730.692313433098,14073.85,28440.39999999999,0.7299334417234016,1.0,0.8094313775524316,0.1813789632611978,3207.035,3157.5,0.20570071258907344,35487.08,34644.0,6982.655062624818,26485.300000000003,47624.399999999994,0.6101806950698531,1.0,0.8010339890837803,0.18511248678846445,0.9999999999999998,0.9999999999999998,0.9999999999999998,0.9999999999999997,2,2,2,0,1.0
S6_P2_B2,WIPHFSP_S6_P2_B2_C044,True,True,3133.79,3093.0,0.20657937277723867,20012.195,19374.5,4224.913663848647,14656.599999999999,28552.699999999997,0.717236573847067,1.0,0.8316475866524157,0.17092683908624334,3133.79,3093.0,0.20657937277723867,20012.195,19374.5,4224.913663848647,14656.599999999999,28552.699999999997,0.717236573847067,1.0,0.8316475866524157,0.17092683908624334,3133.79,3093.0,0.20657937277723867,34986.945,34030.5,6264.382688818987,26614.75,47675.45,0.6188771837028547,1.0,0.8209062186873436,0.17573958542966392,0.9999999999999998,0.9999999999999998,0.9999999999999998,0.9999999999999997,1,1,1,0,1.0
S6_P2_B2,WIPHFSP_S6_P2_B2_C027,True,True,3422.11,3403.0,0.17286218042903304,23776.91,23321.0,4012.116895343405,16895.15,30806.1,0.5964988636850905,1.0,0.8470259239102393,0.16747157661736592,3422.11,3403.0,0.17286218042903304,23776.91,23321.0,4012.116895343405,16895.15,30806.1,0.5964988636850905,1.0,0.8470259239102393,0.16747157661736592,3422.11,3403.0,0.17286218042903304,40933.865,40240.5,5836.964595299084,30937.8,50652.0,0.4899094196145674,1.0,0.847394561443928,0.16696850789817888,0.9999999999999998,0.9999999999999998,0.9999999999999998,0.9999999999999997,4,4,4,0,1.0
S6_P2_B2,WIPHFSP_S6_P2_B2_C016,True,True,3011.07,2990.0,0.18979933110367872,17779.445,17287.0,3344.267657795201,12944.0,24913.3,0.6923873430901833,1.0,0.8431511232604083,0.17105594440807695,3011.07,2990.0,0.18979933110367872,17779.445,17287.0,3344.267657795201,12944.0,24913.3,0.6923873430901833,1.0,0.8431511232604083,0.17105594440807695,3011.07,2990.0,0.18979933110367872,31382.855,30767.0,5004.3939996741865,23772.55,41956.5,0.5910212240387428,1.0,0.8346793913274528,0.17515233922546206,0.9999999999999998,0.9999999999999998,0.9999999999999998,0.9999999999999997,3,3,3,0,1.0
S6_P2_B2,WIPHFSP_S6_P2_B2_C013,True,True,3100.32,3074.5,0.1631972678484303,19077.395,18427.5,3736.430035337876,14323.55,26566.9,0.6644064577397912,1.0,0.7793473834619914,0.20134937817833945,3100.32,3074.5,0.1631972678484303,19077.395,18427.5,3736.430035337876,14323.55,26566.9,0.6644064577397912,1.0,0.7793473834619914,0.20134937817833945,3100.32,3074.5,0.1631972678484303,33801.565,32921.5,5481.685333524262,26976.2,44471.54999999999,0.5314262715854378,1.0,0.7584077331736326,0.2094533373603141,0.9999999999999998,0.9999999999999998,0.9999999999999998,0.9999999999999997,5,5,5,0,1.0
S6_P2_B3,WIPHFSP_S6_P2_B3_C084,True,True,3117.535,3093.5,0.17897203814449636,18401.5,18038.0,3077.9965285880357,14114.900000000001,24402.949999999997,0.5703542521343827,1.0,0.8212446940833267,0.18002919120237557,3117.535,3093.5,0.17897203814449636,32147.015,31433.5,4585.816875407804,25761.5,41128.24999999999,0.48886538247411176,1.0,0.8125086722608806,0.18537346486812967,3117.535,3093.5,0.17897203814449636,47455.535,46275.5,5925.956823060306,39025.100000000006,59076.99999999999,0.43331568540588405,1.0,0.8092940509086931,0.18799073887658546,0.9999999999999998,0.9999999999999998,0.9999999999999998,0.9999999999999997,2,2,2,0,1.0
S6_P2_B3,WIPHFSP_S6_P2_B3_C049,True,True,2981.825,2958.0,0.17134888438133866,17226.8,16790.0,3206.9583315035447,13361.75,22647.449999999997,0.5530494341870159,1.0,0.780987839848245,0.2068097108894933,2981.825,2958.0,0.17134888438133866,30571.715,29971.0,4820.454136673743,24704.8,38778.8,0.46958726769210246,1.0,0.7621566485364812,0.21679343172316526,2981.825,2958.0,0.17134888438133866,45661.445,44750.5,6297.680962622273,38204.35,56185.35,0.4018055664182523,1.0,0.7435315199426477,0.22579832779288808,0.9999999999999998,0.9999999999999998,0.9999999999999998,0.9999999999999997,4,4,4,0,1.0
S6_P2_B3,WIPHFSP_S6_P2_B3_C042,True,True,2938.49,2905.5,0.14147306831870576,16257.275,15590.5,3102.0498705493114,12479.6,21432.799999999996,0.57427279432988,1.0,0.7254094350739264,0.22876574307304787,2938.49,2905.5,0.14147306831870576,28924.71,28089.5,4639.525519479335,22933.6,36714.149999999994,0.4905943502020326,1.0,0.711062975707945,0.23554301833568406,2938.49,2905.5,0.14147306831870576,43283.74,42448.0,6017.277859829975,35358.1,52838.7,0.41181209950998865,1.0,0.6963832144839412,0.24143490528012898,0.9999999999999998,0.9999999999999998,0.9999999999999998,0.9999999999999997,5,5,5,0,1.0
S6_P2_B3,WIPHFSP_S6_P2_B3_C085,True,True,3042.44,3016.5,0.18448533068125306,16616.625,15985.5,3474.8494693115845,12534.55,23773.8,0.703090300584905,1.0,0.7948142635349608,0.1941772024379187,3042.44,3016.5,0.18448533068125306,29726.92,29044.5,5286.47140100086,23517.5,40526.299999999996,0.5856117337189484,1.0,0.7782270480811134,0.2020649710400403,3042.44,3016.5,0.18448533068125306,44471.555,43588.5,6892.162417338625,36024.950000000004,58512.59999999999,0.5159078656067537,1.0,0.7675421557718674,0.20759468170829976,0.9999999999999998,0.9999999999999998,0.9999999999999998,0.9999999999999997,1,1,1,0,1.0
S6_P2_B3,WIPHFSP_S6_P2_B3_C016,True,True,3004.15,2985.5,0.1787305308993466,17008.25,16395.0,3165.039086251543,13500.900000000001,23896.649999999998,0.6340805123513265,1.0,0.6281545734302579,0.26698882512836003,3004.15,2985.5,0.1787305308993466,30543.575,29614.0,4761.617775963859,24828.1,40897.2,0.5426183561828865,1.0,0.6056915920277637,0.2756468337863687,3004.15,2985.5,0.1787305308993466,45827.265,44846.5,6184.691797880878,38141.45,58955.249999999985,0.46411202657955447,1.0,0.5938481951164205,0.28095429836923697,0.9999999999999998,0.9999999999999998,0.9999999999999998,0.9999999999999997,3,3,3,0,1.0
S6_P3_B1,WIPHFSP_S6_P3_B1_C033,True,True,3468.83,3459.5,0.1735077323312617,6767.02,6583.5,1247.6585348563924,5129.7,8999.599999999999,0.5878180299232928,1.0,0.6686553652755968,0.25990236046101967,3468.83,3459.5,0.1735077323312617,6767.02,6583.5,1247.6585348563924,5129.7,8999.599999999999,0.5878180299232928,1.0,0.6686553652755968,0.25990236046101967,3468.83,3459.5,0.1735077323312617,17669.49,17314.0,2592.931044185325,14293.0,22310.550000000003,0.46306745985907377,1.0,0.6104496077437109,0.2865123301459487,0.9999999999999998,0.9999999999999998,0.9999999999999998,0.9999999999999997,1,1,1,0,1.0
S6_P3_B1,WIPHFSP_S6_P3_B1_C055,True,True,3587.275,3582.0,0.13791178112786148,7913.495,7891.5,1299.4549895917903,6047.7,10130.649999999996,0.5173857948425515,1.0,0.705292720869553,0.24022346368715083,3587.275,3582.0,0.13791178112786148,7913.495,7891.5,1299.4549895917903,6047.7,10130.649999999996,0.5173857948425515,1.0,0.705292720869553,0.24022346368715083,3587.275,3582.0,0.13791178112786148,20671.72,20691.0,2676.2222892726977,16946.649999999998,25439.25,0.41044898748248043,1.0,0.6550582415468336,0.26079516859587315,0.9999999999999998,0.9999999999999998,0.9999999999999998,0.9999999999999997,5,5,5,0,1.0
S6_P3_B1,WIPHFSP_S6_P3_B1_C041,True,True,3498.89,3490.0,0.1701575931232091,7946.855,7623.5,1646.9077430065718,5697.599999999999,10838.15,0.6743031416016265,1.0,0.750336390045543,0.21988922457200402,3498.89,3490.0,0.1701575931232091,7946.855,7623.5,1646.9077430065718,5697.599999999999,10838.15,0.6743031416016265,1.0,0.750336390045543,0.21988922457200402,3498.89,3490.0,0.1701575931232091,20692.38,20196.0,3395.2401690602096,15921.0,26289.0,0.5133689839572193,1.0,0.713392908465474,0.23775484520513465,0.9999999999999998,0.9999999999999998,0.9999999999999998,0.9999999999999997,2,2,2,0,1.0
S6_P3_B1,WIPHFSP_S6_P3_B1_C071,True,True,3530.435,3508.0,0.1606328392246295,8256.085,8147.0,1327.024900962676,6293.849999999999,10506.749999999998,0.5171105928562659,1.0,0.7467684957809986,0.22071187635301817,3530.435,3508.0,0.1606328392246295,8256.085,8147.0,1327.024900962676,6293.849999999999,10506.749999999998,0.5171105928562659,1.0,0.7467684957809986,0.22071187635301817,3530.435,3508.0,0.1606328392246295,21072.48,20749.0,2711.1665698735665,17190.25,25885.549999999996,0.4190707985927031,1.0,0.7075276301844332,0.23930333232658815,0.9999999999999998,0.9999999999999998,0.9999999999999998,0.9999999999999997,3,3,3,0,1.0
S6_P3_B1,WIPHFSP_S6_P3_B1_C047,True,True,3649.74,3643.5,0.15728008782763814,8031.695,7952.0,1211.4122304050757,6238.549999999999,10312.05,0.5122610663983903,1.0,0.7271955766624716,0.23077310247634386,3649.74,3643.5,0.15728008782763814,8031.695,7952.0,1211.4122304050757,6238.549999999999,10312.05,0.5122610663983903,1.0,0.7271955766624716,0.23077310247634386,3649.74,3643.5,0.15728008782763814,20746.84,20599.5,2526.1835333957824,16949.7,25159.249999999996,0.3985315177552851,1.0,0.6667775457227898,0.25885668276972623,0.9999999999999998,0.9999999999999998,0.9999999999999998,0.9999999999999997,4,4,4,0,1.0
S6_P3_B2,WIPHFSP_S6_P3_B2_C100,True,True,3333.59,3319.5,0.16378972736857964,15697.445,15592.5,2087.7939761803605,12524.8,19241.499999999996,0.4307647907647905,1.0,0.7530354595417585,0.21500830439377924,3333.59,3319.5,0.16378972736857964,15697.445,15592.5,2087.7939761803605,12524.8,19241.499999999996,0.4307647907647905,1.0,0.7530354595417585,0.21500830439377924,3333.59,3319.5,0.16378972736857964,27535.325,27571.5,3189.523459605682,22505.949999999997,33243.0,0.38942567506301806,1.0,0.7305825024857306,0.22594121199919467,0.9999999999999998,0.9999999999999998,0.9999999999999998,0.9999999999999997,3,3,3,0,1.0
S6_P3_B2,WIPHFSP_S6_P3_B2_C060,True,True,3157.18,3136.5,0.16201179658855397,14637.955,14333.0,2345.118097873751,11390.199999999999,19063.45,0.535355473383102,1.0,0.769853264413257,0.21165752252478987,3157.18,3136.5,0.16201179658855397,14637.955,14333.0,2345.118097873751,11390.199999999999,19063.45,0.535355473383102,1.0,0.769853264413257,0.21165752252478987,3157.18,3136.5,0.16201179658855397,26210.28,25555.5,3541.2474668681375,21379.4,32523.649999999994,0.43608029582672975,1.0,0.7445001258677956,0.22503020539669755,0.9999999999999998,0.9999999999999998,0.9999999999999998,0.9999999999999997,5,5,5,0,1.0
S6_P3_B2,WIPHFSP_S6_P3_B2_C059,True,True,3305.87,3279.5,0.1628906845555724,15355.435,14965.0,2490.177526959674,12003.4,19972.099999999995,0.5324891413297691,1.0,0.7320173812447849,0.2291079339508659,3305.87,3279.5,0.1628906845555724,15355.435,14965.0,2490.177526959674,12003.4,19972.099999999995,0.5324891413297691,1.0,0.7320173812447849,0.2291079339508659,3305.87,3279.5,0.1628906845555724,27299.555,26675.5,3836.892273308569,22283.4,34343.24999999997,0.45209461865756856,1.0,0.6953460316368743,0.24604852511829256,0.9999999999999998,0.9999999999999998,0.9999999999999998,0.9999999999999997,4,4,4,0,1.0
S6_P3_B2,WIPHFSP_S6_P3_B2_C081,True,True,3018.09,3011.5,0.17179146604682058,13186.905,12887.0,2372.1273271000864,9952.9,17463.949999999997,0.5828392954139828,1.0,0.6106097784285824,0.2808598469593234,3018.09,3011.5,0.17179146604682058,13186.905,12887.0,2372.1273271000864,9952.9,17463.949999999997,0.5828392954139828,1.0,0.6106097784285824,0.2808598469593234,3018.09,3011.5,0.17179146604682058,24084.87,23709.0,3628.699548474632,18755.899999999998,30587.749999999996,0.49904466658231045,1.0,0.5751290052186045,0.29484017115529826,0.9999999999999998,0.9999999999999998,0.9999999999999998,0.9999999999999997,2,2,2,0,1.0
S6_P3_B2,WIPHFSP_S6_P3_B2_C058,True,True,3115.015,3087.0,0.18090379008746343,12414.975,12336.5,1739.738794869793,9645.0,15672.349999999999,0.48857860819519294,1.0,0.731292779812337,0.23004127655290446,3115.015,3087.0,0.18090379008746343,12414.975,12336.5,1739.738794869793,9645.0,15672.349999999999,0.48857860819519294,1.0,0.731292779812337,0.23004127655290446,3115.015,3087.0,0.18090379008746343,22436.01,22377.0,2739.784653928115,18149.5,27316.399999999998,0.40965723734191345,1.0,0.6947782279220722,0.24662774310448962,0.9999999999999998,0.9999999999999998,0.9999999999999998,0.9999999999999997,1,1,1,0,1.0
S6_P3_B3,WIPHFSP_S6_P3_B3_C056,True,True,3142.145,3130.5,0.15368152052387804,12891.46,12397.5,2043.3976114305312,9980.900000000001,16707.45,0.5425730994152045,1.0,0.7023020025262237,0.24526496070924844,3142.145,3130.5,0.15368152052387804,23292.34,22595.0,3165.5458114517946,18558.2,29234.1,0.47248948882496117,1.0,0.6928824190471115,0.24848912167606768,3142.145,3130.5,0.15368152052387804,35299.775,34601.5,4207.389669899259,29178.65,43099.85,0.4023293787841567,1.0,0.6864216412327041,0.25156124093473003,0.9999999999999998,0.9999999999999998,0.9999999999999998,0.9999999999999997,5,5,5,0,1.0
S6_P3_B3,WIPHFSP_S6_P3_B3_C055,True,True,3308.095,3280.5,0.1643651882335006,13927.3,13817.0,2232.378034742324,10573.0,18515.949999999997,0.5748679163349494,1.0,0.7360502910561837,0.2256343133306484,3308.095,3280.5,0.1643651882335006,24930.265,24762.0,3439.2332117457518,19778.45,31280.04999999999,0.4644859058234386,1.0,0.715485226163716,0.2345449053564237,3308.095,3280.5,0.1643651882335006,37565.035,37607.5,4526.551711156629,31073.15,45637.34999999999,0.3872684969753371,1.0,0.7053589208959489,0.23834692439343602,0.9999999999999998,0.9999999999999998,0.9999999999999998,0.9999999999999997,4,4,4,0,1.0
S6_P3_B3,WIPHFSP_S6_P3_B3_C097,True,True,3068.0,3049.0,0.17482781239750725,13194.045,13080.5,2038.8041428678234,10066.35,16811.05,0.5156301364626733,1.0,0.7896732328639304,0.19864014102241248,3068.0,3049.0,0.17482781239750725,22754.33,22533.0,3141.573252544018,17888.5,28379.649999999998,0.4655904673146051,1.0,0.7781283354551276,0.2033240997229917,3068.0,3049.0,0.17482781239750725,34905.53,34703.5,4231.285225448646,28676.899999999998,42709.45,0.40435546846859827,1.0,0.7610314014344558,0.2129331184528606,0.9999999999999998,0.9999999999999998,0.9999999999999998,0.9999999999999997,2,2,2,0,1.0
S6_P3_B3,WIPHFSP_S6_P3_B3_C007,True,True,3147.17,3135.0,0.18696969696969695,11739.08,11381.5,1900.2293134250929,9172.4,15186.949999999993,0.5284496771075863,1.0,0.6870258408200968,0.24832620186257237,3147.17,3135.0,0.18696969696969695,21318.39,20864.5,2976.5804756297116,17246.350000000002,26875.099999999995,0.4614896115411341,1.0,0.6373382655787297,0.2682104203372766,3147.17,3135.0,0.18696969696969695,32493.865,31787.5,3945.055839500247,27116.8,39184.74999999999,0.379644514353126,1.0,0.5996873128959436,0.28445585422329606,0.9999999999999998,0.9999999999999998,0.9999999999999998,0.9999999999999997,1,1,1,0,1.0
S6_P3_B3,WIPHFSP_S6_P3_B3_C032,True,True,3138.605,3121.0,0.17337391861582818,12849.43,12714.0,2033.512969002165,9901.75,16322.549999999997,0.5050180902941637,1.0,0.7550639118626616,0.21805003271757184,3138.605,3121.0,0.17337391861582818,22918.185,22724.5,3115.693972580587,18228.45,28581.149999999998,0.45557438007436896,1.0,0.7432545291949421,0.22603049977351652,3138.605,3121.0,0.17337391861582818,34530.215,34286.5,4077.0133307085225,28820.55,42239.8,0.3913858224082366,1.0,0.7290932499160446,0.23357994866374754,0.9999999999999998,0.9999999999999998,0.9999999999999998,0.9999999999999997,3,3,3,0,1.0
S6_P4_B1,WIPHFSP_S6_P4_B1_C066,True,True,3398.26,3402.5,0.16267450404114578,3891.225,3794.5,783.5108323277988,2746.6,5364.3499999999985,0.6898800896033728,1.0,0.27590829895373387,0.4045175570982996,3398.26,3402.5,0.16267450404114578,3891.225,3794.5,783.5108323277988,2746.6,5364.3499999999985,0.6898800896033728,1.0,0.27590829895373387,0.4045175570982996,3398.26,3402.5,0.16267450404114578,11504.8,11323.5,1909.093274305894,8524.2,15093.999999999998,0.5801916368613941,1.0,0.17067960808511004,0.4414767868819476,0.9999999999999998,0.9999999999999998,0.9999999999999998,0.9999999999999997,3,3,3,0,1.0
S6_P4_B1,WIPHFSP_S6_P4_B1_C039,True,True,3609.45,3613.5,0.17470596374705966,3660.32,3482.5,1133.0844441611578,2436.0000000000005,5338.049999999999,0.8333237616654696,1.0,0.1378347850208946,0.45386357915932546,3609.45,3613.5,0.17470596374705966,3660.32,3482.5,1133.0844441611578,2436.0000000000005,5338.049999999999,0.8333237616654696,1.0,0.1378347850208946,0.45386357915932546,3609.45,3613.5,0.17470596374705966,10949.585,10630.0,2654.584314497281,7933.349999999999,15264.299999999996,0.6896472248353711,1.0,0.07812147838536794,0.4746829071874371,0.9999999999999998,0.9999999999999998,0.9999999999999998,0.9999999999999997,1,1,1,0,1.0
S6_P4_B1,WIPHFSP_S6_P4_B1_C057,True,True,3579.84,3564.5,0.15369617057090737,4323.605,4239.5,1035.2967347456477,2924.75,6240.5,0.7821087392381175,1.0,0.32693158687933616,0.3886847536115166,3579.84,3564.5,0.15369617057090737,4323.605,4239.5,1035.2967347456477,2924.75,6240.5,0.7821087392381175,1.0,0.32693158687933616,0.3886847536115166,3579.84,3564.5,0.15369617057090737,12682.87,12496.5,2334.2495160329368,9119.5,16708.699999999997,0.6073060456927937,1.0,0.2658870119540157,0.41020736863297763,0.9999999999999998,0.9999999999999998,0.9999999999999998,0.9999999999999997,5,5,5,0,1.0
S6_P4_B1,WIPHFSP_S6_P4_B1_C038,True,True,3753.575,3733.0,0.1731717117599786,3339.565,3279.0,730.6173661876646,2230.3,4787.049999999999,0.7797346752058549,1.0,0.035476419058199184,0.4888228778572148,3753.575,3733.0,0.1731717117599786,3339.565,3279.0,730.6173661876646,2230.3,4787.049999999999,0.7797346752058549,1.0,0.035476419058199184,0.4888228778572148,3753.575,3733.0,0.1731717117599786,10446.655,10334.0,1890.0633444345192,7699.85,13778.55,0.5882233404296495,1.0,-0.04009315355385015,0.5140182211707858,0.9999999999999998,0.9999999999999998,0.9999999999999998,0.9999999999999997,2,2,2,0,1.0
S6_P4_B1,WIPHFSP_S6_P4_B1_C099,True,True,3575.75,3577.0,0.16051160190103436,3558.02,3512.5,814.1027942465251,2478.4500000000003,5048.499999999999,0.731686832740213,1.0,0.1102929981242841,0.4597695365571378,3575.75,3577.0,0.16051160190103436,3558.02,3512.5,814.1027942465251,2478.4500000000003,5048.499999999999,0.731686832740213,1.0,0.1102929981242841,0.4597695365571378,3575.75,3577.0,0.16051160190103436,10820.85,10691.5,2009.4724873707528,7956.65,14411.800000000001,0.6037646728709724,1.0,0.02670393797681473,0.4876735761722681,0.9999999999999998,0.9999999999999998,0.9999999999999998,0.9999999999999997,4,4,4,0,1.0
S6_P4_B2,WIPHFSP_S6_P4_B2_C053,True,True,3205.82,3189.5,0.19169148769399574,7044.425,6847.5,1440.1401162300147,5079.5,9620.0,0.6630887185104052,1.0,0.03309942240429072,0.4883884942824039,3205.82,3189.5,0.19169148769399574,7044.425,6847.5,1440.1401162300147,5079.5,9620.0,0.6630887185104052,1.0,0.03309942240429072,0.4883884942824039,3205.82,3189.5,0.19169148769399574,14005.755,13697.5,2535.2176681648066,10717.45,18311.25,0.5543931374338381,1.0,-0.014366541251188162,0.5039794479145678,0.9999999999999998,0.9999999999999998,0.9999999999999998,0.9999999999999997,2,2,2,0,1.0
S6_P4_B2,WIPHFSP_S6_P4_B2_C098,True,True,3341.935,3334.5,0.1780926675663517,8527.08,8130.5,2018.0245869661746,6164.65,12625.649999999994,0.7946620749031418,1.0,0.0014145518080221338,0.49665307765866423,3341.935,3334.5,0.1780926675663517,8527.08,8130.5,2018.0245869661746,6164.65,12625.649999999994,0.7946620749031418,1.0,0.0014145518080221338,0.49665307765866423,3341.935,3334.5,0.1780926675663517,16601.635,15972.5,3470.505819297095,11869.550000000001,23592.15,0.7339239317577085,1.0,-0.05701852416075096,0.5149456521739131,0.9999999999999998,0.9999999999999998,0.9999999999999998,0.9999999999999997,4,4,4,0,1.0
S6_P4_B2,WIPHFSP_S6_P4_B2_C041,True,True,3451.8,3437.5,0.1660654545454545,7871.14,7703.0,1544.9186063997029,5482.9,10694.099999999997,0.6765156432558739,1.0,0.08727888705223923,0.4714113146768673,3451.8,3437.5,0.1660654545454545,7871.14,7703.0,1544.9186063997029,5482.9,10694.099999999997,0.6765156432558739,1.0,0.08727888705223923,0.4714113146768673,3451.8,3437.5,0.1660654545454545,15729.87,15511.0,2768.052595797269,11586.650000000001,20382.849999999995,0.567094320159886,1.0,0.04682721504915152,0.4831160988375019,0.9999999999999998,0.9999999999999998,0.9999999999999998,0.9999999999999997,5,5,5,0,1.0
S6_P4_B2,WIPHFSP_S6_P4_B2_C043,True,True,3178.37,3158.0,0.18440468651044958,8411.075,8316.5,1678.4675479064229,6045.15,11553.649999999992,0.6623579630854316,1.0,0.16558506212908217,0.44243644601057136,3178.37,3158.0,0.18440468651044958,8411.075,8316.5,1678.4675479064229,6045.15,11553.649999999992,0.6623579630854316,1.0,0.16558506212908217,0.44243644601057136,3178.37,3158.0,0.18440468651044958,16561.05,16521.0,2889.7263326308253,12497.050000000001,21525.24999999999,0.5464681314690387,1.0,0.14560374655191619,0.4483088383329978,0.9999999999999998,0.9999999999999998,0.9999999999999998,0.9999999999999997,3,3,3,0,1.0
S6_P4_B2,WIPHFSP_S6_P4_B2_C023,True,True,3271.155,3243.5,0.20994296284877437,8425.33,8117.5,2210.377020125752,5765.05,11710.649999999996,0.7324422543886658,1.0,-0.0037336339443091366,0.5009561191626409,3271.155,3243.5,0.20994296284877437,8425.33,8117.5,2210.377020125752,5765.05,11710.649999999996,0.7324422543886658,1.0,-0.0037336339443091366,0.5009561191626409,3271.155,3243.5,0.20994296284877437,16407.385,15876.5,3738.8109335422405,11640.150000000001,22135.549999999996,0.6610650962113812,1.0,-0.050926076975621945,0.5166566022544283,0.9999999999999998,0.9999999999999998,0.9999999999999998,0.9999999999999997,1,1,1,0,1.0
S6_P4_B3,WIPHFSP_S6_P4_B3_C080,True,True,3068.025,3036.0,0.1851943346508562,7793.55,7622.0,1313.6379210041098,5905.2,9975.299999999997,0.533993702440304,1.0,0.1595581987134254,0.4449874055415617,3068.025,3036.0,0.1851943346508562,15189.725,14722.0,2296.567856470825,11978.5,19628.499999999996,0.5196304849884523,1.0,0.11621031932607559,0.45962013199657414,3068.025,3036.0,0.1851943346508562,24678.475,24107.0,3363.394393967945,20095.6,30745.44999999999,0.4417741734765832,1.0,0.07103354419684016,0.4731805590531352,0.9999999999999998,0.9999999999999998,0.9999999999999998,0.9999999999999997,3,3,3,0,1.0
S6_P4_B3,WIPHFSP_S6_P4_B3_C050,True,True,2957.31,2933.0,0.15381861575178982,6870.45,6701.5,1269.4238013760416,5249.9,9083.199999999999,0.5720062672535997,1.0,0.28457638307101074,0.4018931574442374,2957.31,2933.0,0.15381861575178982,13355.285,13021.0,2267.372200097505,10005.75,17587.85,0.5822978265878195,1.0,0.2557268455019649,0.41334004530581425,2957.31,2933.0,0.15381861575178982,21680.235,21179.5,3396.1659367255597,16767.75,27770.0,0.5194763804622394,1.0,0.2170797325853349,0.42597533350113265,0.9999999999999998,0.9999999999999998,0.9999999999999998,0.9999999999999997,5,5,5,0,1.0
S6_P4_B3,WIPHFSP_S6_P4_B3_C063,True,True,3212.66,3188.5,0.18707856358789393,7856.925,7755.0,1414.8607526449377,5858.35,10271.099999999999,0.5690199871050932,1.0,0.012718609897976265,0.4975838115372999,3212.66,3188.5,0.18707856358789393,15201.085,15171.0,2521.032430924878,11574.35,19510.45,0.5231098806934282,1.0,-0.0035877658200354837,0.5024417258218798,3212.66,3188.5,0.18707856358789393,24600.395,24681.5,3714.9424274105513,19512.95,30720.899999999998,0.4541032757328362,1.0,-0.021994580297194036,0.507172698444657,0.9999999999999998,0.9999999999999998,0.9999999999999998,0.9999999999999997,2,2,2,0,1.0
S6_P4_B3,WIPHFSP_S6_P4_B3_C047,True,True,3066.93,3066.5,0.1576063916517199,7347.225,7225.0,1382.4417218729332,5611.55,9598.75,0.5518615916955016,1.0,0.24653663364774134,0.41426197310772017,3066.93,3066.5,0.1576063916517199,14291.815,13931.0,2445.398585256604,10892.9,17991.499999999993,0.5095542315698796,1.0,0.22990207975020419,0.4195659835859222,3066.93,3066.5,0.1576063916517199,23204.63,22832.0,3562.328067865171,17777.95,28976.149999999994,0.4904607568325155,1.0,0.1968455214794163,0.429715033732756,0.9999999999999998,0.9999999999999998,0.9999999999999998,0.9999999999999997,4,4,4,0,1.0
S6_P4_B3,WIPHFSP_S6_P4_B3_C027,True,True,2980.17,2946.5,0.21053792635330043,6059.4,5904.0,1070.651913555475,4557.7,8004.799999999998,0.5838584010840105,1.0,0.1342705947743663,0.4529574628744022,2980.17,2946.5,0.21053792635330043,11866.485,11535.5,1856.8758035407216,9336.4,15372.199999999999,0.5232369641541328,1.0,0.07144617030427743,0.4724682907187437,2980.17,2946.5,0.21053792635330043,19443.745,19023.5,2743.6325610356425,15903.05,24793.8,0.4673561647436066,1.0,0.020552995047371136,0.488953751698455,0.9999999999999998,0.9999999999999998,0.9999999999999998,0.9999999999999997,1,1,1,0,1.0
S7_P1_B1,WIPHFSP_S7_P1_B1_C072,True,True,3677.01,3618.5,0.22080972778775732,5623.425,5311.5,1508.6116512790825,3583.5,8504.599999999999,0.9264991057140163,1.0,0.85386615646469,0.1632037027720481,3677.01,3618.5,0.22080972778775732,5623.425,5311.5,1508.6116512790825,3583.5,8504.599999999999,0.9264991057140163,1.0,0.85386615646469,0.1632037027720481,3677.01,3618.5,0.22080972778775732,14914.9,14498.5,3114.570066638412,10766.65,20748.5,0.6884746697934269,1.0,0.8250980657103423,0.18017202354006337,0.9999999999999998,0.9999999999999998,0.9999999999999998,0.9999999999999997,2,2,2,0,1.0
S7_P1_B1,WIPHFSP_S7_P1_B1_C031,True,True,3929.335,3921.0,0.1870313695485845,6520.69,6309.0,1695.0178476641477,4011.7,9379.8,0.8508638453003643,1.0,0.8653278151559307,0.1566495519983892,3929.335,3921.0,0.1870313695485845,6520.69,6309.0,1695.0178476641477,4011.7,9379.8,0.8508638453003643,1.0,0.8653278151559307,0.1566495519983892,3929.335,3921.0,0.1870313695485845,17202.895,16972.5,3544.630175910457,11880.1,23008.4,0.6556665193695684,1.0,0.838010567186579,0.17507926123496553,0.9999999999999998,0.9999999999999998,0.9999999999999998,0.9999999999999997,5,5,5,0,1.0
S7_P1_B1,WIPHFSP_S7_P1_B1_C011,True,True,3601.435,3591.0,0.21122250069618484,5038.795,4813.0,1621.6582355647568,2881.7000000000003,8070.399999999998,1.078059422397672,1.0,0.8268969557578426,0.17975435417295882,3601.435,3591.0,0.21122250069618484,5038.795,4813.0,1621.6582355647568,2881.7000000000003,8070.399999999998,1.078059422397672,1.0,0.8268969557578426,0.17975435417295882,3601.435,3591.0,0.21122250069618484,13555.4,13072.0,3378.974791264356,8915.15,19867.8,0.8378710220318236,1.0,0.7994199281672687,0.19456467035732258,0.9999999999999998,0.9999999999999998,0.9999999999999998,0.9999999999999997,4,4,4,0,1.0
S7_P1_B1,WIPHFSP_S7_P1_B1_C069,True,True,3907.05,3857.0,0.24666839512574512,5598.705,5333.0,2045.6990096236054,3052.1,9556.549999999994,1.2196606037877353,1.0,0.8314303950720947,0.18004829459704197,3907.05,3857.0,0.24666839512574512,5598.705,5333.0,2045.6990096236054,3052.1,9556.549999999994,1.2196606037877353,1.0,0.8314303950720947,0.18004829459704197,3907.05,3857.0,0.24666839512574512,14987.085,14465.5,4210.774655306906,9437.650000000001,23069.099999999984,0.9423421243648669,1.0,0.8008104760528165,0.19747497610784165,0.9999999999999998,0.9999999999999998,0.9999999999999998,0.9999999999999997,1,1,1,0,1.0
S7_P1_B1,WIPHFSP_S7_P1_B1_C077,True,True,3657.46,3632.5,0.21474191328286266,5098.12,4883.0,1546.8333477139674,2922.45,7921.35,1.0237354085603112,1.0,0.6904150635019918,0.24415270861626678,3657.46,3632.5,0.21474191328286266,5098.12,4883.0,1546.8333477139674,2922.45,7921.35,1.0237354085603112,1.0,0.6904150635019918,0.24415270861626678,3657.46,3632.5,0.21474191328286266,13944.235,13509.5,3256.9222541803174,9111.050000000001,19577.299999999992,0.7747325955808867,1.0,0.6537357415728469,0.26111670020120725,0.9999999999999998,0.9999999999999998,0.9999999999999998,0.9999999999999997,3,3,3,0,1.0
S7_P1_B2,WIPHFSP_S7_P1_B2_C034,True,True,3594.32,3549.0,0.21569456184840793,11764.62,11090.5,3643.1989412602766,6881.35,18321.85,1.0315585410937285,1.0,0.7826427403606498,0.19975847841400826,3594.32,3549.0,0.21569456184840793,11764.62,11090.5,3643.1989412602766,6881.35,18321.85,1.0315585410937285,1.0,0.7826427403606498,0.19975847841400826,3594.32,3549.0,0.21569456184840793,21761.125,20775.5,5646.989602378864,13330.65,31922.049999999992,0.8948713629034196,1.0,0.7554090004986741,0.21272955974842767,0.9999999999999998,0.9999999999999998,0.9999999999999998,0.9999999999999997,2,2,2,0,1.0
S7_P1_B2,WIPHFSP_S7_P1_B2_C013,True,True,3051.73,3017.0,0.19297315213788518,8637.19,8458.5,2730.8449139231616,5268.9,12851.099999999999,0.8964000709345625,1.0,0.7275691580487058,0.22545911949685535,3051.73,3017.0,0.19297315213788518,8637.19,8458.5,2730.8449139231616,5268.9,12851.099999999999,0.8964000709345625,1.0,0.7275691580487058,0.22545911949685535,3051.73,3017.0,0.19297315213788518,16414.485,15980.5,4273.70557125488,10860.4,22904.949999999997,0.7537029504708862,1.0,0.6981483738720008,0.23918293419199033,0.9999999999999998,0.9999999999999998,0.9999999999999998,0.9999999999999997,4,4,4,0,1.0
S7_P1_B2,WIPHFSP_S7_P1_B2_C078,True,True,3144.345,3116.5,0.19744906144713611,8981.275,8533.5,2785.4682782927184,5402.6,14195.949999999997,1.0304505771371646,1.0,0.708270128019373,0.23522012578616353,3144.345,3116.5,0.19744906144713611,8981.275,8533.5,2785.4682782927184,5402.6,14195.949999999997,1.0304505771371646,1.0,0.708270128019373,0.23522012578616353,3144.345,3116.5,0.19744906144713611,16963.205,16510.5,4471.2611546380285,10989.1,25304.1,0.8670240150207442,1.0,0.686036604327239,0.24665391969407266,0.9999999999999998,0.9999999999999998,0.9999999999999998,0.9999999999999997,3,3,3,0,1.0
S7_P1_B2,WIPHFSP_S7_P1_B2_C023,True,True,3329.315,3293.5,0.22211932594504313,9018.36,8230.0,3462.9199789195245,4833.700000000001,16043.099999999993,1.3620170109356002,1.0,0.6523539193208977,0.2531448123176009,3329.315,3293.5,0.22211932594504313,9018.36,8230.0,3462.9199789195245,4833.700000000001,16043.099999999993,1.3620170109356002,1.0,0.6523539193208977,0.2531448123176009,3329.315,3293.5,0.22211932594504313,17060.855,16014.5,5552.004378057982,10043.8,28891.95,1.1769427706141309,1.0,0.6378766770344999,0.2623899371069182,0.9999999999999998,0.9999999999999998,0.9999999999999998,0.9999999999999997,1,1,1,0,1.0
S7_P1_B2,WIPHFSP_S7_P1_B2_C064,True,True,3239.38,3226.0,0.1740080595164291,7207.18,6444.0,2805.6478980085867,4086.8500000000004,12638.399999999996,1.327056176288019,1.0,0.23870933387563362,0.41896994411720284,3239.38,3226.0,0.1740080595164291,7207.18,6444.0,2805.6478980085867,4086.8500000000004,12638.399999999996,1.327056176288019,1.0,0.23870933387563362,0.41896994411720284,3239.38,3226.0,0.1740080595164291,13748.47,12480.5,4501.694573058016,8453.35,22264.449999999997,1.1066143183366046,1.0,0.21692755807750555,0.42673043040523534,0.9999999999999998,0.9999999999999998,0.9999999999999998,0.9999999999999997,5,5,5,0,1.0
S7_P1_B3,WIPHFSP_S7_P1_B3_C064,True,True,3317.085,3283.0,0.17185501066098072,4409.68,4243.0,1056.1512759070076,3037.55,6164.599999999998,0.7369903370256886,1.0,0.16841924466320882,0.44096312714084224,3317.085,3283.0,0.17185501066098072,8929.69,8637.0,1893.3215822728055,6467.75,12362.099999999999,0.6824533981706608,1.0,0.16306045587373394,0.44149043303121854,3317.085,3283.0,0.17185501066098072,15035.33,14544.0,2926.6163552983844,10937.6,20223.199999999993,0.6384488448844879,1.0,0.14645610825767666,0.4470120324220913,0.9999999999999998,0.9999999999999998,0.9999999999999998,0.9999999999999997,2,2,2,0,1.0
S7_P1_B3,WIPHFSP_S7_P1_B3_C016,True,True,3327.015,3291.0,0.17002430872075344,8342.625,7904.0,2565.7062467038195,5198.15,13525.649999999998,1.0535804655870442,1.0,0.6019099442640901,0.2819545088566828,3327.015,3291.0,0.17002430872075344,15758.03,15054.0,4093.7470243164757,10396.15,23597.899999999987,0.876959612063238,1.0,0.597673113929422,0.28394564670357325,3327.015,3291.0,0.17002430872075344,25048.48,24317.5,5650.02901670425,17450.600000000002,35940.04999999998,0.7603351495836324,1.0,0.5833639594527196,0.2895240012076079,0.9999999999999998,0.9999999999999998,0.9999999999999998,0.9999999999999997,3,3,3,0,1.0
S7_P1_B3,WIPHFSP_S7_P1_B3_C004,True,True,3054.92,3040.0,0.16518092105263155,5416.095,5108.0,1748.3440010406991,3439.35,9144.35,1.1168754894283475,1.0,0.3256532847857576,0.388956005235075,3054.92,3040.0,0.16518092105263155,10611.275,10207.5,2922.21776898557,6985.0,16374.949999999999,0.9199069311780551,1.0,0.3221070387696219,0.39089079013588324,3054.92,3040.0,0.16518092105263155,17385.935,16783.0,4215.900087854906,12165.7,25569.849999999995,0.79867425370911,1.0,0.3126677954757298,0.39495671431447554,0.9999999999999998,0.9999999999999998,0.9999999999999998,0.9999999999999997,5,5,5,0,1.0
S7_P1_B3,WIPHFSP_S7_P1_B3_C050,True,True,2931.14,2911.5,0.17320968572900552,6357.255,6025.0,1713.4647355504578,4110.35,9804.8,0.9451369294605806,1.0,0.471644280762574,0.33427334071910564,2931.14,2911.5,0.17320968572900552,12183.765,11716.5,2818.620827599023,8305.75,17564.25,0.7902103870609822,1.0,0.45788923599973425,0.3393765422772826,2931.14,2911.5,0.17320968572900552,19556.845,18995.5,3989.4399595651266,14073.15,27175.199999999997,0.6897449395909556,1.0,0.4410501344282201,0.34541792547834843,0.9999999999999998,0.9999999999999998,0.9999999999999998,0.9999999999999997,1,1,1,0,1.0
S7_P1_B3,WIPHFSP_S7_P1_B3_C063,True,True,2923.305,2893.0,0.16766332526788738,7813.09,7501.5,2084.9829620167166,5314.75,11649.549999999997,0.8444711057788438,1.0,0.7656843465938681,0.21338638195004028,2923.305,2893.0,0.16766332526788738,14476.26,14000.5,3277.0675034853953,10525.85,20425.34999999999,0.7070818899325017,1.0,0.7565238817546439,0.21671701913393757,2923.305,2893.0,0.16766332526788738,22570.2,22040.0,4457.273584827389,16830.7,30626.699999999986,0.62595281306715,1.0,0.7385388381613059,0.22497482376636455,0.9999999999999998,0.9999999999999998,0.9999999999999998,0.9999999999999997,4,4,4,0,1.0
S7_P2_B1,WIPHFSP_S7_P2_B1_C011,True,True,4198.385,4176.5,0.24641446186998692,8153.845,7733.5,2156.543148414842,5409.55,12000.349999999997,0.8522402534428132,1.0,0.8867436589469175,0.14194489139179406,4198.385,4176.5,0.24641446186998692,8153.845,7733.5,2156.543148414842,5409.55,12000.349999999997,0.8522402534428132,1.0,0.8867436589469175,0.14194489139179406,4198.385,4176.5,0.24641446186998692,20733.16,20061.5,4314.859826738291,15242.15,28606.45,0.6661665378959699,1.0,0.8663700078113545,0.15688640820636596,0.9999999999999998,0.9999999999999998,0.9999999999999998,0.9999999999999997,4,4,4,0,1.0
S7_P2_B1,WIPHFSP_S7_P2_B1_C099,True,True,3732.79,3689.5,0.2352080227673125,7324.505,7117.5,1831.7060326305093,4613.95,10460.899999999996,0.8214892869687384,1.0,0.8804252483496576,0.14454559171151235,3732.79,3689.5,0.2352080227673125,7324.505,7117.5,1831.7060326305093,4613.95,10460.899999999996,0.8214892869687384,1.0,0.8804252483496576,0.14454559171151235,3732.79,3689.5,0.2352080227673125,18571.86,18183.0,3663.460459783891,12698.65,24811.0,0.6661359511631744,1.0,0.8649726654350502,0.15619028462234738,0.9999999999999998,0.9999999999999998,0.9999999999999998,0.9999999999999997,5,5,5,0,1.0
S7_P2_B1,WIPHFSP_S7_P2_B1_C098,True,True,3873.87,3837.0,0.2701980714099554,7967.85,7787.5,2076.2945594255166,5174.4,11592.3,0.8241284109149276,1.0,0.9520527268420074,0.09347957335479976,3873.87,3837.0,0.2701980714099554,7967.85,7787.5,2076.2945594255166,5174.4,11592.3,0.8241284109149276,1.0,0.9520527268420074,0.09347957335479976,3873.87,3837.0,0.2701980714099554,19995.575,19693.0,4107.101908204251,14225.2,26703.6,0.6336464733661706,1.0,0.9437870255432292,0.10249572305524807,0.9999999999999998,0.9999999999999998,0.9999999999999998,0.9999999999999997,1,1,1,0,1.0
S7_P2_B1,WIPHFSP_S7_P2_B1_C094,True,True,4252.41,4194.0,0.2636027658559843,9693.94,9404.0,2246.6744771773233,6626.400000000001,13475.34999999999,0.7283017864738396,1.0,0.9522377156559659,0.09089080026155626,4252.41,4194.0,0.2636027658559843,9693.94,9404.0,2246.6744771773233,6626.400000000001,13475.34999999999,0.7283017864738396,1.0,0.9522377156559659,0.09089080026155626,4252.41,4194.0,0.2636027658559843,23817.92,23193.5,4391.721497727286,17590.7,31098.849999999977,0.5824110203289704,1.0,0.9374074422844957,0.10599124704461996,0.9999999999999998,0.9999999999999998,0.9999999999999998,0.9999999999999997,3,3,3,0,1.0
S7_P2_B1,WIPHFSP_S7_P2_B1_C096,True,True,4347.065,4269.0,0.2654954321855232,8968.445,8638.0,2257.6658780641123,6018.45,13870.699999999999,0.9090356564019446,1.0,0.9297898168512779,0.11141851106639838,4347.065,4269.0,0.2654954321855232,8968.445,8638.0,2257.6658780641123,6018.45,13870.699999999999,0.9090356564019446,1.0,0.9297898168512779,0.11141851106639838,4347.065,4269.0,0.2654954321855232,22694.03,22238.5,4481.496214335119,16760.399999999998,31950.599999999995,0.6830586595318927,1.0,0.9164185026491432,0.12261114463890566,0.9999999999999998,0.9999999999999998,0.9999999999999998,0.9999999999999997,2,2,2,0,1.0
S7_P2_B2,WIPHFSP_S7_P2_B2_C056,True,True,3570.255,3514.5,0.2436619718309858,15865.41,15267.5,3863.975999136123,10325.050000000001,22543.549999999992,0.800294743736695,1.0,0.9124103768941162,0.12532689599678132,3570.255,3514.5,0.2436619718309858,15865.41,15267.5,3863.975999136123,10325.050000000001,22543.549999999992,0.800294743736695,1.0,0.9124103768941162,0.12532689599678132,3570.255,3514.5,0.2436619718309858,27892.835,27196.5,5774.382132122449,19911.05,37617.94999999998,0.6510727483315861,1.0,0.9045793454104997,0.13096615198913644,0.9999999999999998,0.9999999999999998,0.9999999999999998,0.9999999999999997,1,1,1,0,1.0
S7_P2_B2,WIPHFSP_S7_P2_B2_C010,True,True,3453.335,3420.0,0.23812865497076005,13869.785,13191.0,3641.5705991748946,8845.6,19805.199999999993,0.8308392085512843,1.0,0.8738608498096625,0.14781646206480178,3453.335,3420.0,0.23812865497076005,13869.785,13191.0,3641.5705991748946,8845.6,19805.199999999993,0.8308392085512843,1.0,0.8738608498096625,0.14781646206480178,3453.335,3420.0,0.23812865497076005,24850.135,24227.5,5533.537567124217,17106.8,33836.299999999996,0.6905169745124341,1.0,0.8662722519634872,0.15257648953301128,0.9999999999999998,0.9999999999999998,0.9999999999999998,0.9999999999999997,2,2,2,0,1.0
S7_P2_B2,WIPHFSP_S7_P2_B2_C068,True,True,3362.14,3318.0,0.2367540687160939,15241.325,14675.0,3500.8995514545973,10769.9,21026.649999999994,0.6989267461669502,1.0,0.9208706909468252,0.11894938110093589,3362.14,3318.0,0.2367540687160939,15241.325,14675.0,3500.8995514545973,10769.9,21026.649999999994,0.6989267461669502,1.0,0.9208706909468252,0.11894938110093589,3362.14,3318.0,0.2367540687160939,26627.035,25791.5,5224.632421881467,19724.550000000003,34773.999999999985,0.583504255277901,1.0,0.9156400685359046,0.12200643992755081,0.9999999999999998,0.9999999999999998,0.9999999999999998,0.9999999999999997,3,3,3,0,1.0
S7_P2_B2,WIPHFSP_S7_P2_B2_C100,True,True,3205.685,3187.0,0.23365233762158738,13063.745,12752.5,2933.182563355885,8456.800000000001,18227.04999999999,0.7661438933542432,1.0,0.927518845418475,0.11146336553945249,3205.685,3187.0,0.23365233762158738,13063.745,12752.5,2933.182563355885,8456.800000000001,18227.04999999999,0.7661438933542432,1.0,0.927518845418475,0.11146336553945249,3205.685,3187.0,0.23365233762158738,23228.815,22781.5,4415.159374334635,15949.6,31338.949999999997,0.6755196102100387,1.0,0.9154172473627455,0.12110691823899371,0.9999999999999998,0.9999999999999998,0.9999999999999998,0.9999999999999997,4,4,4,0,1.0
S7_P2_B2,WIPHFSP_S7_P2_B2_C077,True,True,3971.32,3908.0,0.23262538382804496,20719.485,20171.5,4143.1949579732545,14881.7,27869.299999999996,0.6438589098480527,1.0,0.9275426071431649,0.11345911949685535,3971.32,3908.0,0.23262538382804496,20719.485,20171.5,4143.1949579732545,14881.7,27869.299999999996,0.6438589098480527,1.0,0.9275426071431649,0.11345911949685535,3971.32,3908.0,0.23262538382804496,35269.315,34336.5,6170.097756581738,26549.05,46033.49999999999,0.567455914260335,1.0,0.929774309694919,0.11119496855345912,0.9999999999999998,0.9999999999999998,0.9999999999999998,0.9999999999999997,5,5,5,0,1.0
S7_P2_B3,WIPHFSP_S7_P2_B3_C043,True,True,3541.56,3468.0,0.2806228373702416,15206.045,14519.5,4236.740624935045,9932.35,24431.749999999985,0.9986156548090488,1.0,0.9343635164469531,0.10708178251684941,3541.56,3468.0,0.2806228373702416,26803.67,25656.0,6348.095412885663,18829.500000000004,40196.89999999998,0.8328422201434353,1.0,0.9261856564156916,0.11391641100437559,3541.56,3468.0,0.2806228373702416,39833.09,38432.5,8310.201661325675,29267.45,57620.79999999998,0.7377440967930783,1.0,0.9232178121865697,0.11497258964944927,0.9999999999999998,0.9999999999999998,0.9999999999999998,0.9999999999999997,1,1,1,0,1.0
S7_P2_B3,WIPHFSP_S7_P2_B3_C074,True,True,3300.685,3257.5,0.24257866462010705,13572.19,12707.0,3228.4374446316906,9289.75,20020.999999999993,0.8445148343432747,1.0,0.9132339198298397,0.12574850299401197,3300.685,3257.5,0.24257866462010705,23945.23,22986.5,4818.588723589097,17436.15,33712.95,0.708102581950275,1.0,0.9099241198941335,0.12830188679245283,3300.685,3257.5,0.24257866462010705,35696.525,34637.0,6284.781887175958,27544.35,48715.85,0.6112394260472904,1.0,0.9049432324572766,0.13211913865969008,0.9999999999999998,0.9999999999999998,0.9999999999999998,0.9999999999999997,2,2,2,0,1.0
S7_P2_B3,WIPHFSP_S7_P2_B3_C018,True,True,3208.29,3167.0,0.24215345753078604,12815.795,12317.5,3093.81584826489,8183.15,19253.649999999998,0.8987619240917392,1.0,0.8989506362162697,0.13215238286950834,3208.29,3167.0,0.24215345753078604,22809.5,22033.5,4685.805678856092,15964.300000000001,32130.85,0.7337259173531213,1.0,0.8952050762333633,0.13465505962864188,3208.29,3167.0,0.24215345753078604,34110.66,33185.0,6144.983757049322,25160.45,46425.8,0.6408121139068857,1.0,0.8970336811363567,0.1339438462312569,0.9999999999999998,0.9999999999999998,0.9999999999999998,0.9999999999999997,3,3,3,0,1.0
S7_P2_B3,WIPHFSP_S7_P2_B3_C026,True,True,3013.395,2970.5,0.19983167816865824,9172.075,8636.0,2676.2026099260497,5529.099999999999,14454.399999999998,1.0334993052339043,1.0,0.7271633254678941,0.21879404066841152,3013.395,2970.5,0.19983167816865824,17149.58,16565.5,4080.203223321113,11491.35,25008.1,0.8159578642359119,1.0,0.7272102022374956,0.21894503724582243,3013.395,2970.5,0.19983167816865824,26863.89,26095.5,5380.307105351887,19493.3,37083.65,0.674075990113238,1.0,0.7232272806749951,0.220544566913282,0.9999999999999998,0.9999999999999998,0.9999999999999998,0.9999999999999997,5,5,5,0,1.0
S7_P2_B3,WIPHFSP_S7_P2_B3_C021,True,True,3068.92,3030.5,0.20930539514931515,10686.28,10165.5,2629.259044217591,7643.95,15733.649999999996,0.7957995179774723,1.0,0.8564896380390115,0.16368119150649088,3068.92,3030.5,0.20930539514931515,19211.335,18345.0,4015.0054324714183,14555.2,26929.149999999994,0.674513491414554,1.0,0.8497784048234684,0.16629767535473483,3068.92,3030.5,0.20930539514931515,29119.375,27892.5,5350.023245218193,22918.95,39360.6,0.5894649099220219,1.0,0.8378891740546442,0.17175630125270414,0.9999999999999998,0.9999999999999998,0.9999999999999998,0.9999999999999997,4,4,4,0,1.0
S7_P3_B1,WIPHFSP_S7_P3_B1_C060,True,True,3926.065,3887.0,0.23262155904296386,6263.73,6058.5,1642.6194894436142,4071.2,9396.999999999998,0.8790624742097874,1.0,0.8248726643584949,0.18001609981887703,3926.065,3887.0,0.23262155904296386,6263.73,6058.5,1642.6194894436142,4071.2,9396.999999999998,0.8790624742097874,1.0,0.8248726643584949,0.18001609981887703,3926.065,3887.0,0.23262155904296386,16366.31,15803.0,3365.0479274298605,11968.95,22764.149999999998,0.6831108017465035,1.0,0.8017151602748257,0.1939119496855346,0.9999999999999998,0.9999999999999998,0.9999999999999998,0.9999999999999997,1,1,1,0,1.0
S7_P3_B1,WIPHFSP_S7_P3_B1_C015,True,True,3660.38,3623.0,0.20823902842947836,5662.96,5530.0,1287.2274423737244,4013.8500000000004,8040.05,0.7280650994575044,1.0,0.8636082546844511,0.16285038498314125,3660.38,3623.0,0.20823902842947836,5662.96,5530.0,1287.2274423737244,4013.8500000000004,8040.05,0.7280650994575044,1.0,0.8636082546844511,0.16285038498314125,3660.38,3623.0,0.20823902842947836,14851.615,14512.5,2659.0751356016626,11289.150000000001,20039.899999999994,0.6029801894918169,1.0,0.8410805488016511,0.174508126603935,0.9999999999999998,0.9999999999999998,0.9999999999999998,0.9999999999999997,3,3,3,0,1.0
S7_P3_B1,WIPHFSP_S7_P3_B1_C087,True,True,3764.96,3758.0,0.18431346460883435,6158.865,6132.5,1097.2196848284304,4601.599999999999,8039.699999999995,0.5606359559722781,1.0,0.8201386347193473,0.18544045882175378,3764.96,3758.0,0.18431346460883435,6158.865,6132.5,1097.2196848284304,4601.599999999999,8039.699999999995,0.5606359559722781,1.0,0.8201386347193473,0.18544045882175378,3764.96,3758.0,0.18431346460883435,15589.4,15475.0,2285.941357515542,12287.45,19526.249999999993,0.4677738287560576,1.0,0.7909514093265382,0.20018106830298762,0.9999999999999998,0.9999999999999998,0.9999999999999998,0.9999999999999997,4,4,4,0,1.0
S7_P3_B1,WIPHFSP_S7_P3_B1_C033,True,True,3447.31,3435.0,0.21216885007278008,5189.4,5044.5,1269.049234663494,3537.1,7720.299999999999,0.829259589652096,1.0,0.8111275368203829,0.18734266438425135,3447.31,3435.0,0.21216885007278008,5189.4,5044.5,1269.049234663494,3537.1,7720.299999999999,0.829259589652096,1.0,0.8111275368203829,0.18734266438425135,3447.31,3435.0,0.21216885007278008,13766.64,13489.5,2633.420764025377,10029.5,18600.949999999997,0.6354164350050036,1.0,0.782195984634821,0.20274758454106281,0.9999999999999998,0.9999999999999998,0.9999999999999998,0.9999999999999997,2,2,2,0,1.0
S7_P3_B1,WIPHFSP_S7_P3_B1_C046,True,True,3638.28,3619.0,0.18313069908814586,4497.91,4282.0,1094.7117209110352,3028.9500000000003,6616.349999999999,0.837786081270434,1.0,0.6796566668191402,0.24876673713883016,3638.28,3619.0,0.18313069908814586,4497.91,4282.0,1094.7117209110352,3028.9500000000003,6616.349999999999,0.837786081270434,1.0,0.6796566668191402,0.24876673713883016,3638.28,3619.0,0.18313069908814586,12303.725,11836.0,2301.470408103263,8952.5,16560.19999999999,0.6427593781682991,1.0,0.6707326997680851,0.2520010067958721,0.9999999999999998,0.9999999999999998,0.9999999999999998,0.9999999999999997,5,5,5,0,1.0
S7_P3_B2,WIPHFSP_S7_P3_B2_C021,True,True,3695.23,3668.0,0.20952835332606326,12736.745,12292.0,3320.2606780153574,8384.2,18928.549999999996,0.857822160754962,1.0,0.8347360711932381,0.17535473482942537,3695.23,3668.0,0.20952835332606326,12736.745,12292.0,3320.2606780153574,8384.2,18928.549999999996,0.857822160754962,1.0,0.8347360711932381,0.17535473482942537,3695.23,3668.0,0.20952835332606326,22876.58,22275.0,5013.580120393011,16152.85,32354.749999999993,0.7273580246913577,1.0,0.8113589990264307,0.1884685047293218,0.9999999999999998,0.9999999999999998,0.9999999999999998,0.9999999999999997,1,1,1,0,1.0
S7_P3_B2,WIPHFSP_S7_P3_B2_C075,True,True,3483.935,3457.5,0.17221981200289216,10235.32,10027.0,1837.3709036555467,7607.0,13298.2,0.5675875137129749,1.0,0.7234468156867679,0.2332561184409306,3483.935,3457.5,0.17221981200289216,10235.32,10027.0,1837.3709036555467,7607.0,13298.2,0.5675875137129749,1.0,0.7234468156867679,0.2332561184409306,3483.935,3457.5,0.17221981200289216,18685.315,18445.0,2834.47250926429,14288.3,23155.5,0.48073732718894013,1.0,0.6888711965712052,0.24826301480213472,0.9999999999999998,0.9999999999999998,0.9999999999999998,0.9999999999999997,4,4,4,0,1.0
S7_P3_B2,WIPHFSP_S7_P3_B2_C009,True,True,3375.25,3350.0,0.18770149253731344,10427.595,10228.5,1930.8962196283362,7677.85,13698.599999999999,0.5886249205650874,1.0,0.8082979725554091,0.19326250062943753,3375.25,3350.0,0.18770149253731344,10427.595,10228.5,1930.8962196283362,7677.85,13698.599999999999,0.5886249205650874,1.0,0.8082979725554091,0.19326250062943753,3375.25,3350.0,0.18770149253731344,18473.715,18239.0,2966.8742194058377,14249.199999999999,23376.5,0.5004276550249466,1.0,0.7935333841452912,0.20165147777050502,0.9999999999999998,0.9999999999999998,0.9999999999999998,0.9999999999999997,2,2,2,0,1.0
S7_P3_B2,WIPHFSP_S7_P3_B2_C100,True,True,3372.235,3350.0,0.17555223880596993,9645.075,9195.5,2727.1093724629013,5999.599999999999,14845.749999999998,0.9620085911587185,1.0,0.7245792984092925,0.2299481395700116,3372.235,3350.0,0.17555223880596993,9645.075,9195.5,2727.1093724629013,5999.599999999999,14845.749999999998,0.9620085911587185,1.0,0.7245792984092925,0.2299481395700116,3372.235,3350.0,0.17555223880596993,17938.695,17139.5,4172.987367818767,12589.5,25727.899999999998,0.7665567840368738,1.0,0.7012397265275436,0.24003021148036255,0.9999999999999998,0.9999999999999998,0.9999999999999998,0.9999999999999997,3,3,3,0,1.0
S7_P3_B2,WIPHFSP_S7_P3_B2_C006,True,True,3600.84,3591.5,0.16614228038424048,11281.42,11021.0,2369.2415376233803,7903.15,15533.249999999998,0.6923237455766262,1.0,0.651326035845922,0.2670157068062827,3600.84,3591.5,0.16614228038424048,11281.42,11021.0,2369.2415376233803,7903.15,15533.249999999998,0.6923237455766262,1.0,0.651326035845922,0.2670157068062827,3600.84,3591.5,0.16614228038424048,20683.3,20334.5,3643.64389451,15431.050000000001,27529.0,0.5949470112370601,1.0,0.6220070968523526,0.27883211678832115,0.9999999999999998,0.9999999999999998,0.9999999999999998,0.9999999999999997,5,5,5,0,1.0
S7_P3_B3,WIPHFSP_S7_P3_B3_C012,True,True,2874.12,2856.0,0.1681547619047617,7523.72,7367.5,1424.0166121222042,5405.200000000001,9945.4,0.6162470308788597,1.0,0.7550448855595403,0.22290460609111504,2874.12,2856.0,0.1681547619047617,13004.775,12719.0,2177.411383816802,9904.5,16748.399999999998,0.5380847550908088,1.0,0.7609660826078821,0.2203765227021041,2874.12,2856.0,0.1681547619047617,20601.215,20369.5,3014.725609201441,16297.099999999999,26160.249999999996,0.4842116890448954,1.0,0.7269590105806591,0.23718916742172555,0.9999999999999998,0.9999999999999998,0.9999999999999998,0.9999999999999997,4,4,4,0,1.0
S7_P3_B3,WIPHFSP_S7_P3_B3_C094,True,True,3459.445,3436.0,0.15634458672875426,7365.73,7137.0,1605.1932927532434,4985.85,10096.099999999993,0.7160221381532846,1.0,0.7198560389986349,0.23663007352200624,3459.445,3436.0,0.15634458672875426,13995.73,13799.0,2729.504318937781,9931.9,18635.649999999987,0.6307522284223485,1.0,0.6796319742438993,0.2520648670427075,3459.445,3436.0,0.15634458672875426,22089.24,21956.5,3809.012453694527,16513.5,28637.29999999999,0.5521736160134807,1.0,0.6467559654527875,0.26601208459214504,0.9999999999999998,0.9999999999999998,0.9999999999999998,0.9999999999999997,5,5,5,0,1.0
S7_P3_B3,WIPHFSP_S7_P3_B3_C036,True,True,3091.26,3066.0,0.18321917808219174,6281.005,5961.5,1537.3719214864698,4214.45,9240.400000000001,0.8430680197936762,1.0,0.6917422516665661,0.24637243047158403,3091.26,3066.0,0.18321917808219174,12093.62,11631.0,2543.929449807915,8633.45,17142.799999999996,0.7316094918751607,1.0,0.7078626868181822,0.24000201470736376,3091.26,3066.0,0.18321917808219174,19279.92,18757.5,3492.318104583258,14528.35,26051.35,0.6143142742902837,1.0,0.7012303946878026,0.2401652143252909,0.9999999999999998,0.9999999999999998,0.9999999999999998,0.9999999999999997,2,2,2,0,1.0
S7_P3_B3,WIPHFSP_S7_P3_B3_C077,True,True,3601.105,3582.0,0.1709240647682857,9102.345,9045.0,1666.3951680123776,6522.25,11789.349999999999,0.5823217247097842,1.0,0.7551894420509874,0.221629510341704,3601.105,3582.0,0.1709240647682857,16603.385,16377.0,2621.3091799280373,12339.25,21049.45,0.5318556512181718,1.0,0.7421356807631941,0.22649959742351047,3601.105,3582.0,0.1709240647682857,25363.845,25053.0,3506.7397153160655,19417.9,31509.149999999998,0.4826268311180296,1.0,0.7324833025660723,0.23026216474613798,0.9999999999999998,0.9999999999999998,0.9999999999999998,0.9999999999999997,3,3,3,0,1.0
S7_P3_B3,WIPHFSP_S7_P3_B3_C082,True,True,3444.235,3433.0,0.19126128750364105,10894.785,10565.5,2209.6266604960665,7883.55,15155.8,0.6883015474894703,1.0,0.7828914555097871,0.20438764214551675,3444.235,3433.0,0.19126128750364105,19243.665,18763.5,3404.6917015751956,14421.85,26012.7,0.6177338982599195,1.0,0.7585696103246818,0.21545738150347188,3444.235,3433.0,0.19126128750364105,28750.21,28242.5,4604.89646201736,22210.3,38315.9,0.5702611312737896,1.0,0.7240905371754935,0.23095501660460904,0.9999999999999998,0.9999999999999998,0.9999999999999998,0.9999999999999997,1,1,1,0,1.0
S7_P4_B1,WIPHFSP_S7_P4_B1_C063,True,True,3945.27,3929.0,0.1770552303385084,3524.87,3221.5,1500.7904494298996,1818.75,6367.35,1.4119509545242896,1.0,0.40174509221497706,0.36064418721690994,3945.27,3929.0,0.1770552303385084,3524.87,3221.5,1500.7904494298996,1818.75,6367.35,1.4119509545242896,1.0,0.40174509221497706,0.36064418721690994,3945.27,3929.0,0.1770552303385084,10089.87,9498.5,3237.167896958698,6193.85,16074.65,1.0402484602832023,1.0,0.3747486467918776,0.36996779388083734,0.9999999999999998,0.9999999999999998,0.9999999999999998,0.9999999999999997,2,2,2,0,1.0
S7_P4_B1,WIPHFSP_S7_P4_B1_C040,True,True,3573.925,3569.0,0.18077892967217699,3552.995,3311.0,1159.2145250017359,2092.9,6013.099999999998,1.183992751434611,1.0,0.5165203421534607,0.31793013188362024,3573.925,3569.0,0.18077892967217699,3552.995,3311.0,1159.2145250017359,2092.9,6013.099999999998,1.183992751434611,1.0,0.5165203421534607,0.31793013188362024,3573.925,3569.0,0.18077892967217699,10294.94,9749.0,2537.208546099433,6912.450000000001,15620.4,0.8932146886860188,1.0,0.4907110764306716,0.32650493255486207,0.9999999999999998,0.9999999999999998,0.9999999999999998,0.9999999999999997,1,1,1,0,1.0
S7_P4_B1,WIPHFSP_S7_P4_B1_C047,True,True,3777.88,3762.5,0.15964119601328902,2603.945,2366.0,1062.8394243605194,1372.8,4948.15,1.511136939983093,1.0,0.15909834124482766,0.4461677913183604,3777.88,3762.5,0.15964119601328902,2603.945,2366.0,1062.8394243605194,1372.8,4948.15,1.511136939983093,1.0,0.15909834124482766,0.4461677913183604,3777.88,3762.5,0.15964119601328902,7769.145,7268.5,2326.978711543146,4776.849999999999,12472.499999999993,1.0587672834835238,1.0,0.14714641177338575,0.4508332913750566,0.9999999999999998,0.9999999999999998,0.9999999999999998,0.9999999999999997,5,5,5,0,1.0
S7_P4_B1,WIPHFSP_S7_P4_B1_C024,True,True,3591.585,3583.0,0.16221043818029576,3811.055,3678.5,1257.5770958374678,2092.9,6122.95,1.0955688459970092,1.0,0.6013620545202373,0.28272251308900526,3591.585,3583.0,0.16221043818029576,3811.055,3678.5,1257.5770958374678,2092.9,6122.95,1.0955688459970092,1.0,0.6013620545202373,0.28272251308900526,3591.585,3583.0,0.16221043818029576,10822.03,10564.5,2789.3314699224975,6956.05,16001.15,0.8561787117232237,1.0,0.5772329399747421,0.2943574772235365,0.9999999999999998,0.9999999999999998,0.9999999999999998,0.9999999999999997,4,4,4,0,1.0
S7_P4_B1,WIPHFSP_S7_P4_B1_C065,True,True,4102.69,4074.0,0.1734167893961707,3674.6,3355.5,1327.1434737811885,2013.8999999999999,6173.799999999999,1.2397258232752193,1.0,0.5501391488633863,0.3037089225504504,4102.69,4074.0,0.1734167893961707,3674.6,3355.5,1327.1434737811885,2013.8999999999999,6173.799999999999,1.2397258232752193,1.0,0.5501391488633863,0.3037089225504504,4102.69,4074.0,0.1734167893961707,10744.665,10106.0,2871.7399260335187,7026.15,16251.55,0.9128636453591924,1.0,0.4823940691128773,0.33116981132075474,0.9999999999999998,0.9999999999999998,0.9999999999999998,0.9999999999999997,3,3,3,0,1.0
S7_P4_B2,WIPHFSP_S7_P4_B2_C014,True,True,3781.73,3765.0,0.18616201859229733,3986.81,3767.5,962.7284216745655,2820.25,5524.299999999999,0.7177305905773056,1.0,0.1345454518208182,0.45476501962362886,3781.73,3765.0,0.18616201859229733,3986.81,3767.5,962.7284216745655,2820.25,5524.299999999999,0.7177305905773056,1.0,0.1345454518208182,0.45476501962362886,3781.73,3765.0,0.18616201859229733,8307.935,7967.5,1780.2937203661086,6096.900000000001,11121.05,0.6305804832130528,1.0,0.10984131698885476,0.46244403078935453,0.9999999999999998,0.9999999999999998,0.9999999999999998,0.9999999999999997,2,2,2,0,1.0
S7_P4_B2,WIPHFSP_S7_P4_B2_C081,True,True,3454.485,3441.0,0.18281022958442286,4007.07,3848.0,1116.8940438107816,2597.2999999999997,6002.75,0.8849922037422036,1.0,0.23692713519811753,0.41843721679589163,3454.485,3441.0,0.18281022958442286,4007.07,3848.0,1116.8940438107816,2597.2999999999997,6002.75,0.8849922037422036,1.0,0.23692713519811753,0.41843721679589163,3454.485,3441.0,0.18281022958442286,8332.84,8025.5,2054.7629825359422,5578.8,12103.699999999995,0.8130209955765989,1.0,0.1941317542901573,0.4338720233600161,0.9999999999999998,0.9999999999999998,0.9999999999999998,0.9999999999999997,3,3,3,0,1.0
S7_P4_B2,WIPHFSP_S7_P4_B2_C085,True,True,3292.255,3281.5,0.17895779369190928,4505.395,4400.5,1155.3992292601722,2932.5,6400.899999999999,0.7881831610044309,1.0,0.19306209070162664,0.43474759675876995,3292.255,3281.5,0.17895779369190928,4505.395,4400.5,1155.3992292601722,2932.5,6400.899999999999,0.7881831610044309,1.0,0.19306209070162664,0.43474759675876995,3292.255,3281.5,0.17895779369190928,9067.945,8800.5,2050.0090199740584,6066.6,12554.55,0.7372251576614962,1.0,0.17072931089865215,0.44183355137365404,0.9999999999999998,0.9999999999999998,0.9999999999999998,0.9999999999999997,4,4,4,0,1.0
S7_P4_B2,WIPHFSP_S7_P4_B2_C079,True,True,3144.48,3128.5,0.1637206328911618,4694.37,4438.0,1455.0248530867093,3132.25,6530.299999999999,0.765671473636773,1.0,-0.027078758925103506,0.5102975980663679,3144.48,3128.5,0.1637206328911618,4694.37,4438.0,1455.0248530867093,3132.25,6530.299999999999,0.765671473636773,1.0,-0.027078758925103506,0.5102975980663679,3144.48,3128.5,0.1637206328911618,9430.505,9029.5,2465.1256032857636,6581.849999999999,12753.799999999997,0.6835317570186606,1.0,-0.028754285957063457,0.510295524341741,0.9999999999999998,0.9999999999999998,0.9999999999999998,0.9999999999999997,5,5,5,0,1.0
S7_P4_B2,WIPHFSP_S7_P4_B2_C066,True,True,3373.18,3354.5,0.19572216425696826,3615.335,3427.5,932.5362581556816,2395.65,5152.049999999998,0.8042013129102837,1.0,0.10432114136969367,0.465418302627605,3373.18,3354.5,0.19572216425696826,3615.335,3427.5,932.5362581556816,2395.65,5152.049999999998,0.8042013129102837,1.0,0.10432114136969367,0.465418302627605,3373.18,3354.5,0.19572216425696826,7563.695,7258.5,1742.599713639079,5152.400000000001,10546.599999999999,0.7431562995109179,1.0,0.08425265032610021,0.4711301283664737,0.9999999999999998,0.9999999999999998,0.9999999999999998,0.9999999999999997,1,1,1,0,1.0
S7_P4_B3,WIPHFSP_S7_P4_B3_C049,True,True,3093.11,3077.0,0.16540461488462763,4073.355,3817.5,1169.6476131617592,2730.7,6420.999999999999,0.9666797642436145,1.0,0.08633133725536928,0.46852336825141017,3093.11,3077.0,0.16540461488462763,8029.695,7561.5,2032.6362099438747,5765.3,12249.349999999999,0.8575084308668912,1.0,0.0675726809708576,0.4759770346494762,3093.11,3077.0,0.16540461488462763,13285.505,12463.0,3076.217285884565,9735.85,19413.749999999993,0.7765305303698942,1.0,0.03700431343599993,0.48600060429046227,0.9999999999999998,0.9999999999999998,0.9999999999999998,0.9999999999999997,5,5,5,0,1.0
S7_P4_B3,WIPHFSP_S7_P4_B3_C025,True,True,3622.41,3591.5,0.19884449394403436,3266.245,3099.0,820.4202672868339,2216.6499999999996,4860.299999999998,0.8530655050016127,1.0,0.12372790272010277,0.45708100488345166,3622.41,3591.5,0.19884449394403436,6628.455,6392.0,1505.5837100523504,4655.2,9697.449999999999,0.7888376095118896,1.0,0.13125658383571343,0.4542847078951341,3622.41,3591.5,0.19884449394403436,11245.985,10792.0,2331.3940560906904,8082.4,15817.55,0.7167485174203112,1.0,0.13295581965384734,0.4539049919484702,0.9999999999999998,0.9999999999999998,0.9999999999999998,0.9999999999999997,1,1,1,0,1.0
S7_P4_B3,WIPHFSP_S7_P4_B3_C054,True,True,3247.45,3223.0,0.19196400868755806,3629.86,3511.5,906.4396065927393,2432.15,5251.199999999999,0.8028050690588062,1.0,0.03204754874212392,0.48890231013136043,3247.45,3223.0,0.19196400868755806,7214.14,7143.5,1679.9702736655788,4961.15,10123.899999999996,0.722719955204031,1.0,0.03418997656627718,0.48885310251119724,3247.45,3223.0,0.19196400868755806,12020.13,11745.0,2648.049422329576,8386.15,16738.4,0.7111323967645807,1.0,0.02005644696221451,0.49350910737647175,0.9999999999999998,0.9999999999999998,0.9999999999999998,0.9999999999999997,2,2,2,0,1.0
S7_P4_B3,WIPHFSP_S7_P4_B3_C083,True,True,3227.2,3196.5,0.18598467073361483,3278.255,3067.5,974.0517542589819,2179.15,5127.2499999999945,0.9610757946210248,1.0,0.00012000439516401905,0.49984901862103676,3227.2,3196.5,0.18598467073361483,6468.47,6235.5,1716.7259737943036,4434.65,9889.049999999997,0.8747333814449518,1.0,0.004089890590168775,0.4981384584423425,3227.2,3196.5,0.18598467073361483,10722.45,10298.0,2620.1412705234043,7439.4,15627.399999999998,0.7951058457952997,1.0,0.0009690351275506288,0.50022646067133,0.9999999999999998,0.9999999999999998,0.9999999999999998,0.9999999999999997,3,3,3,0,1.0
S7_P4_B3,WIPHFSP_S7_P4_B3_C092,True,True,3324.175,3309.5,0.1722163468801934,3554.23,3392.0,817.1403166531437,2488.95,5260.399999999999,0.8170548349056599,1.0,0.06949729051427879,0.47519516494585745,3324.175,3309.5,0.1722163468801934,7120.98,6858.5,1582.2335856630018,5038.15,10619.15,0.8137347816577968,1.0,0.06943133970166648,0.4754948874225558,3324.175,3309.5,0.1722163468801934,11930.59,11509.0,2558.590647583157,8652.1,17278.8,0.7495612129637673,1.0,0.0525037182892451,0.4807392114406566,0.9999999999999998,0.9999999999999998,0.9999999999999998,0.9999999999999997,4,4,4,0,1.0
S8_P1_B1,WIPHFSP_S8_P1_B1_C066,True,True,4091.525,4035.0,0.21962825278810377,9449.38,9120.0,2958.1692253148735,5528.049999999999,15139.0,1.0538322368421051,1.0,0.8470332785968016,0.1632714652180474,4091.525,4035.0,0.21962825278810377,9449.38,9120.0,2958.1692253148735,5528.049999999999,15139.0,1.0538322368421051,1.0,0.8470332785968016,0.1632714652180474,4091.525,4035.0,0.21962825278810377,24821.265,24018.5,6060.980712291947,16602.45,35918.65,0.8042217457376606,1.0,0.8314812113508112,0.17362438386480233,0.9999999999999998,0.9999999999999998,0.9999999999999998,0.9999999999999997,1,1,1,0,1.0
S8_P1_B1,WIPHFSP_S8_P1_B1_C084,True,True,3809.33,3784.0,0.16337209302325562,8220.86,8008.5,2041.6662387373701,5248.35,11721.849999999997,0.8083286508085155,1.0,0.7920996518055218,0.19693995671649303,3809.33,3784.0,0.16337209302325562,8220.86,8008.5,2041.6662387373701,5248.35,11721.849999999997,0.8083286508085155,1.0,0.7920996518055218,0.19693995671649303,3809.33,3784.0,0.16337209302325562,22145.315,21893.5,4357.4119814145415,16070.15,29604.499999999996,0.6181903304633793,1.0,0.7624527107985504,0.21287303105027428,0.9999999999999998,0.9999999999999998,0.9999999999999998,0.9999999999999997,5,5,5,0,1.0
S8_P1_B1,WIPHFSP_S8_P1_B1_C071,True,True,3880.735,3868.5,0.17891947783378545,6938.605,6660.0,1957.6469112112634,4222.85,10241.149999999998,0.9036486486486481,1.0,0.6607213373093965,0.25675471698113206,3880.735,3868.5,0.17891947783378545,6938.605,6660.0,1957.6469112112634,4222.85,10241.149999999998,0.9036486486486481,1.0,0.6607213373093965,0.25675471698113206,3880.735,3868.5,0.17891947783378545,18942.59,18488.5,4110.260397091649,13009.85,26052.74999999999,0.7054601509046158,1.0,0.6251975378357173,0.27376999698158766,0.9999999999999998,0.9999999999999998,0.9999999999999998,0.9999999999999997,3,3,3,0,1.0
S8_P1_B1,WIPHFSP_S8_P1_B1_C053,True,True,4153.195,4131.0,0.20348583877995624,10349.76,10240.5,3055.746303671167,5524.15,15680.449999999999,0.9917777452272836,1.0,0.8590578858388681,0.1591629357613562,4153.195,4131.0,0.20348583877995624,10349.76,10240.5,3055.746303671167,5524.15,15680.449999999999,0.9917777452272836,1.0,0.8590578858388681,0.1591629357613562,4153.195,4131.0,0.20348583877995624,26914.62,26844.0,6436.705410813827,16038.25,38054.45,0.820153479362241,1.0,0.8418025492801755,0.16965947386952365,0.9999999999999998,0.9999999999999998,0.9999999999999998,0.9999999999999997,2,2,2,0,1.0
S8_P1_B1,WIPHFSP_S8_P1_B1_C074,True,True,3716.005,3692.0,0.17325297941495124,7668.92,7528.5,2044.3210250838786,4971.599999999999,11291.249999999998,0.8394301653715877,1.0,0.729756102349319,0.22595742539378993,3716.005,3692.0,0.17325297941495124,7668.92,7528.5,2044.3210250838786,4971.599999999999,11291.249999999998,0.8394301653715877,1.0,0.729756102349319,0.22595742539378993,3716.005,3692.0,0.17325297941495124,20548.735,20230.5,4277.9543271024995,14696.7,27982.5,0.6567212871654186,1.0,0.7179031490232761,0.23052536231884058,0.9999999999999998,0.9999999999999998,0.9999999999999998,0.9999999999999997,4,4,4,0,1.0
S8_P1_B2,WIPHFSP_S8_P1_B2_C018,True,True,3700.525,3674.0,0.18760206859009262,17316.125,16664.0,4877.70081076884,11142.0,26703.94999999999,0.9338664186269797,1.0,0.6600180232912249,0.2551477621708705,3700.525,3674.0,0.18760206859009262,17316.125,16664.0,4877.70081076884,11142.0,26703.94999999999,0.9338664186269797,1.0,0.6600180232912249,0.2551477621708705,3700.525,3674.0,0.18760206859009262,31953.12,30821.5,7618.932459708512,22059.35,46775.450000000004,0.8019110036824946,1.0,0.6335525921680146,0.26520338300443014,0.9999999999999998,0.9999999999999998,0.9999999999999998,0.9999999999999997,1,1,1,0,1.0
S8_P1_B2,WIPHFSP_S8_P1_B2_C027,True,True,3659.055,3650.0,0.18020547945205462,13558.45,12839.0,3353.2687243196006,9441.15,19939.75,0.8177116597865877,1.0,0.17156260149766428,0.4380693542704716,3659.055,3650.0,0.18020547945205462,13558.45,12839.0,3353.2687243196006,9441.15,19939.75,0.8177116597865877,1.0,0.17156260149766428,0.4380693542704716,3659.055,3650.0,0.18020547945205462,25938.14,25046.0,5492.438647850334,18580.5,35651.64999999998,0.6815918709574375,1.0,0.14042764317192027,0.44902375201288247,0.9999999999999998,0.9999999999999998,0.9999999999999998,0.9999999999999997,2,2,2,0,1.0
S8_P1_B2,WIPHFSP_S8_P1_B2_C098,True,True,3567.725,3544.0,0.16544864559819406,16752.24,16211.5,3978.1953109921587,11534.650000000001,24720.549999999996,0.813367054251611,1.0,0.7660809941880881,0.20829558038860366,3567.725,3544.0,0.16544864559819406,16752.24,16211.5,3978.1953109921587,11534.650000000001,24720.549999999996,0.813367054251611,1.0,0.7660809941880881,0.20829558038860366,3567.725,3544.0,0.16544864559819406,30769.635,30102.5,6170.082192465105,22324.050000000003,42668.04999999999,0.6758242670874507,1.0,0.7430005378315043,0.22024768425291985,0.9999999999999998,0.9999999999999998,0.9999999999999998,0.9999999999999997,3,3,3,0,1.0
S8_P1_B2,WIPHFSP_S8_P1_B2_C040,True,True,3404.895,3374.5,0.14667358127129948,13330.755,13037.5,3526.697677002524,8508.5,19788.24999999998,0.8651773729626063,1.0,0.5962817332867407,0.2903160861687135,3404.895,3374.5,0.14667358127129948,13330.755,13037.5,3526.697677002524,8508.5,19788.24999999998,0.8651773729626063,1.0,0.5962817332867407,0.2903160861687135,3404.895,3374.5,0.14667358127129948,25096.195,24679.5,5704.137115898863,17518.199999999997,35655.74999999998,0.7349237221175462,1.0,0.5751618937743236,0.29949161926813306,0.9999999999999998,0.9999999999999998,0.9999999999999998,0.9999999999999997,4,4,4,0,1.0
S8_P1_B2,WIPHFSP_S8_P1_B2_C056,True,True,3150.805,3140.0,0.132547770700637,11478.045,10777.0,2908.321659131775,7828.3,16979.149999999998,0.8491092140669942,1.0,0.44924752405703733,0.3420349745502192,3150.805,3140.0,0.132547770700637,11478.045,10777.0,2908.321659131775,7828.3,16979.149999999998,0.8491092140669942,1.0,0.44924752405703733,0.3420349745502192,3150.805,3140.0,0.132547770700637,21917.715,20891.0,4733.8728799762885,15763.6,31008.45,0.7297328993346417,1.0,0.42538141285558245,0.3508842646243765,0.9999999999999998,0.9999999999999998,0.9999999999999998,0.9999999999999997,5,5,5,0,1.0
S8_P1_B3,WIPHFSP_S8_P1_B3_C078,True,True,3578.505,3560.0,0.1443539325842695,8153.325,7938.5,1584.9219379436327,6190.05,10929.3,0.596995654090823,1.0,0.2600347338636083,0.4116284923231815,3578.505,3560.0,0.1443539325842695,16079.445,15701.5,2800.6916729577715,12410.4,21054.15,0.5505047288475624,1.0,0.24220673414606222,0.4165198570493784,3578.505,3560.0,0.1443539325842695,26446.005,25730.0,4149.337253703898,20725.7,33643.49999999999,0.5020520792848812,1.0,0.20994972188504235,0.4283557300317077,0.9999999999999998,0.9999999999999998,0.9999999999999998,0.9999999999999997,3,3,3,0,1.0
S8_P1_B3,WIPHFSP_S8_P1_B3_C068,True,True,3401.75,3370.5,0.13311081441922548,8933.115,8639.0,1720.160911593738,6731.7,12131.299999999997,0.6250260446810969,1.0,0.31511947033984034,0.39024144362115026,3401.75,3370.5,0.13311081441922548,17405.3,16870.0,3007.3617191817816,13318.95,22668.59999999999,0.5542175459395371,1.0,0.2826814415683807,0.40346809154148605,3401.75,3370.5,0.13311081441922548,28330.075,27448.0,4400.197592083224,21775.149999999998,35752.899999999994,0.5092447537161177,1.0,0.2445847103711608,0.4170152714076911,0.9999999999999998,0.9999999999999998,0.9999999999999998,0.9999999999999997,5,5,5,0,1.0
S8_P1_B3,WIPHFSP_S8_P1_B3_C086,True,True,3466.65,3453.0,0.15108601216333614,11176.26,10906.5,2138.5892224548406,8248.25,14975.05,0.6167698161646723,1.0,0.5489512221850991,0.30545198024790887,3466.65,3453.0,0.15108601216333614,21381.35,20884.0,3693.2656264476836,16128.199999999999,28248.899999999998,0.5803821107067612,1.0,0.5093253980928438,0.3197642198599426,3466.65,3453.0,0.15108601216333614,33964.87,33145.0,5239.590547275617,26709.25,43731.25,0.5135616231709157,1.0,0.48263983048501524,0.3309990427729357,0.9999999999999998,0.9999999999999998,0.9999999999999998,0.9999999999999997,2,2,2,0,1.0
S8_P1_B3,WIPHFSP_S8_P1_B3_C091,True,True,3363.48,3343.5,0.16328697472708242,9510.245,9021.5,2286.720375335603,6680.55,12988.199999999986,0.6991797372942399,1.0,0.3079582504385923,0.3954600362391786,3363.48,3343.5,0.16328697472708242,18217.15,17560.5,3739.601584059457,13082.8,24251.79999999999,0.6360297258050732,1.0,0.2997545909363893,0.3972823351786613,3363.48,3343.5,0.16328697472708242,29250.475,28451.0,5268.476593795876,21802.75,37680.549999999996,0.5580752873361216,1.0,0.2816023137013919,0.40239545065673593,0.9999999999999998,0.9999999999999998,0.9999999999999998,0.9999999999999997,1,1,1,0,1.0
S8_P1_B3,WIPHFSP_S8_P1_B3_C059,True,True,3401.135,3394.0,0.14390100176782541,11425.05,10848.0,2889.028682360215,8218.7,16382.549999999996,0.7525672935103239,1.0,0.4467874698571628,0.34370907625667374,3401.135,3394.0,0.14390100176782541,21654.495,20684.5,4708.581401014004,16088.150000000001,29712.25,0.6586622833522685,1.0,0.4272781003324306,0.351634513675515,3401.135,3394.0,0.14390100176782541,34164.425,32713.0,6541.3372237161875,26042.4,45263.15,0.587556934552013,1.0,0.4022680302593581,0.35972599979852926,0.9999999999999998,0.9999999999999998,0.9999999999999998,0.9999999999999997,4,4,4,0,1.0
S8_P2_B1,WIPHFSP_S8_P2_B1_C061,True,True,4239.16,4189.0,0.2639532107901647,14181.895,13650.5,3167.191529411349,9895.5,19935.999999999996,0.7355408226804875,1.0,0.957738080743875,0.08524013075182298,4239.16,4189.0,0.2639532107901647,14181.895,13650.5,3167.191529411349,9895.5,19935.999999999996,0.7355408226804875,1.0,0.957738080743875,0.08524013075182298,4239.16,4189.0,0.2639532107901647,34288.29,33142.5,6222.931738007416,25700.65,45492.35,0.5971697970883306,1.0,0.9521800175936681,0.09107825387246027,0.9999999999999998,0.9999999999999998,0.9999999999999998,0.9999999999999997,1,1,1,0,1.0
S8_P2_B1,WIPHFSP_S8_P2_B1_C050,True,True,4028.43,3980.5,0.22008541640497378,12658.01,12360.0,2893.496143059465,8597.95,17136.3,0.6908050161812296,1.0,0.9359560725327908,0.10640438697992655,4028.43,3980.5,0.22008541640497378,12658.01,12360.0,2893.496143059465,8597.95,17136.3,0.6908050161812296,1.0,0.9359560725327908,0.10640438697992655,4028.43,3980.5,0.22008541640497378,31284.685,30688.0,5700.982701760724,23055.25,40229.7,0.5596470933263815,1.0,0.9245328374453278,0.11585672602877553,0.9999999999999998,0.9999999999999998,0.9999999999999998,0.9999999999999997,4,4,4,0,1.0
S8_P2_B1,WIPHFSP_S8_P2_B1_C082,True,True,4100.865,4052.0,0.2594397828232971,11900.745,11393.0,2756.149386367691,8528.8,17244.5,0.7650048275256736,1.0,0.9148675735960651,0.12349094567404427,4100.865,4052.0,0.2594397828232971,11900.745,11393.0,2756.149386367691,8528.8,17244.5,0.7650048275256736,1.0,0.9148675735960651,0.12349094567404427,4100.865,4052.0,0.2594397828232971,29547.355,28654.5,5438.422109304775,22844.6,40638.15,0.6209687832626639,1.0,0.8987593078417451,0.1350032694532468,0.9999999999999998,0.9999999999999998,0.9999999999999998,0.9999999999999997,2,2,2,0,1.0
S8_P2_B1,WIPHFSP_S8_P2_B1_C087,True,True,3979.64,3911.0,0.22668115571465064,11541.91,11096.5,2481.3266334563855,8223.35,16296.5,0.7275402153832288,1.0,0.9066703768088696,0.12916855288969367,3979.64,3911.0,0.22668115571465064,11541.91,11096.5,2481.3266334563855,8223.35,16296.5,0.7275402153832288,1.0,0.9066703768088696,0.12916855288969367,3979.64,3911.0,0.22668115571465064,28600.885,27904.5,4935.298398453228,21525.3,37968.15,0.5892544213298931,1.0,0.8918273188412298,0.13883998189043714,0.9999999999999998,0.9999999999999998,0.9999999999999998,0.9999999999999997,3,3,3,0,1.0
S8_P2_B1,WIPHFSP_S8_P2_B1_C043,True,True,4594.81,4535.5,0.20844449344063445,15530.585,14926.5,2810.7335097399396,11613.449999999999,20131.999999999996,0.570699762167956,1.0,0.9426489681047024,0.09919517102615694,4594.81,4535.5,0.20844449344063445,15530.585,14926.5,2810.7335097399396,11613.449999999999,20131.999999999996,0.570699762167956,1.0,0.9426489681047024,0.09919517102615694,4594.81,4535.5,0.20844449344063445,37768.56,36814.5,5546.922706906957,30054.550000000003,47280.05,0.46789987640739383,1.0,0.9322408974484113,0.10643327800412454,0.9999999999999998,0.9999999999999998,0.9999999999999998,0.9999999999999997,5,5,5,0,1.0
S8_P2_B2,WIPHFSP_S8_P2_B2_C015,True,True,3913.33,3867.5,0.2134065934065932,25211.435,24594.5,5106.692040428422,17993.85,35133.65,0.6968956474008418,1.0,0.8933514790915782,0.13600442945588162,3913.33,3867.5,0.2134065934065932,25211.435,24594.5,5106.692040428422,17993.85,35133.65,0.6968956474008418,1.0,0.8933514790915782,0.13600442945588162,3913.33,3867.5,0.2134065934065932,44165.295,43466.0,7538.0294505908505,33692.75,58534.75,0.5715271706621268,1.0,0.883939537307893,0.1428211967188365,0.9999999999999998,0.9999999999999998,0.9999999999999998,0.9999999999999997,4,4,4,0,1.0
S8_P2_B2,WIPHFSP_S8_P2_B2_C062,True,True,3774.925,3747.0,0.21395783293301285,25729.34,25234.0,4757.834290346817,18941.25,33147.399999999994,0.5629765395894426,1.0,0.9328931145309205,0.10989176944374528,3774.925,3747.0,0.21395783293301285,25729.34,25234.0,4757.834290346817,18941.25,33147.399999999994,0.5629765395894426,1.0,0.9328931145309205,0.10989176944374528,3774.925,3747.0,0.21395783293301285,44074.755,43090.5,7040.302009500374,34053.05,55375.049999999996,0.4948190436407095,1.0,0.9253275952285758,0.11642422107011627,0.9999999999999998,0.9999999999999998,0.9999999999999998,0.9999999999999997,2,2,2,0,1.0
S8_P2_B2,WIPHFSP_S8_P2_B2_C078,True,True,3763.35,3722.5,0.21387508394895863,26007.56,25184.5,4876.1507612460055,19179.1,34662.94999999998,0.6148166531001205,1.0,0.9422727873068363,0.09965290004527391,3763.35,3722.5,0.21387508394895863,26007.56,25184.5,4876.1507612460055,19179.1,34662.94999999998,0.6148166531001205,1.0,0.9422727873068363,0.09965290004527391,3763.35,3722.5,0.21387508394895863,44605.055,43574.5,7245.922290638715,34755.75,57962.19999999998,0.5325695073953799,1.0,0.9376740293241144,0.10286720321931589,0.9999999999999998,0.9999999999999998,0.9999999999999998,0.9999999999999997,3,3,3,0,1.0
S8_P2_B2,WIPHFSP_S8_P2_B2_C030,True,True,4056.82,4003.0,0.2144766425181113,28458.07,27651.0,5181.717945343996,20814.7,37623.24999999999,0.6078821742432459,1.0,0.9146221779682541,0.12398691165366223,4056.82,4003.0,0.2144766425181113,28458.07,27651.0,5181.717945343996,20814.7,37623.24999999999,0.6078821742432459,1.0,0.9146221779682541,0.12398691165366223,4056.82,4003.0,0.2144766425181113,48954.27,47809.5,7587.822253262131,37565.700000000004,62777.09999999999,0.527330342295987,1.0,0.9108941858699147,0.1273532668881506,0.9999999999999998,0.9999999999999998,0.9999999999999998,0.9999999999999997,1,1,1,0,1.0
S8_P2_B2,WIPHFSP_S8_P2_B2_C048,True,True,3975.57,3940.0,0.20578680203045674,26011.245,25348.0,4973.559884526877,19355.149999999998,34986.19999999998,0.6166581189837457,1.0,0.9013786187916819,0.12986621064279247,3975.57,3940.0,0.20578680203045674,26011.245,25348.0,4973.559884526877,19355.149999999998,34986.19999999998,0.6166581189837457,1.0,0.9013786187916819,0.12986621064279247,3975.57,3940.0,0.20578680203045674,45123.675,44180.0,7404.512823905095,35281.75,58779.69999999998,0.5318684925305565,1.0,0.8940291354454182,0.13580122724072025,0.9999999999999998,0.9999999999999998,0.9999999999999998,0.9999999999999997,5,5,5,0,1.0
S8_P2_B3,WIPHFSP_S8_P2_B3_C091,True,True,3588.975,3546.0,0.20831923293852217,21350.855,20260.0,4538.885315137958,15597.0,29897.499999999996,0.7058489634748271,1.0,0.889036269030603,0.14213121352384786,3588.975,3546.0,0.20831923293852217,37542.02,36022.0,6782.434823837233,28596.65,49928.9,0.5922005996335573,1.0,0.8882664929883709,0.14266311182655064,3588.975,3546.0,0.20831923293852217,55624.635,53545.5,8845.755269154522,43693.0,71563.95,0.5205096600087775,1.0,0.887854354130189,0.14281402485034458,0.9999999999999998,0.9999999999999998,0.9999999999999998,0.9999999999999997,2,2,2,0,1.0
S8_P2_B3,WIPHFSP_S8_P2_B3_C039,True,True,3628.3,3595.5,0.19709358920873313,20275.88,19421.5,4745.618937040774,14446.95,28719.7,0.7348943181525629,1.0,0.8796885729690471,0.1458123615864707,3628.3,3595.5,0.19709358920873313,36203.665,34621.0,7130.688962700238,27827.1,48586.149999999994,0.5996086190462435,1.0,0.8663808557418982,0.15461271327193116,3628.3,3595.5,0.19709358920873313,54439.36,52477.5,9285.691662466506,43129.049999999996,70003.09999999998,0.5121061407269779,1.0,0.8587930826983026,0.159208738108421,0.9999999999999998,0.9999999999999998,0.9999999999999998,0.9999999999999997,3,3,3,0,1.0
S8_P2_B3,WIPHFSP_S8_P2_B3_C067,True,True,3725.755,3668.5,0.2349870519285809,23021.905,22316.0,4795.925523397439,16619.95,31455.849999999995,0.6648100017924357,1.0,0.9133018471807297,0.12080334222580158,3725.755,3668.5,0.2349870519285809,40342.86,39349.0,7139.52554518856,31070.800000000003,52460.49999999999,0.543589417774276,1.0,0.906402736493633,0.12638413529293335,3725.755,3668.5,0.2349870519285809,59520.715,58044.5,9308.235018185509,47481.05,75578.75,0.4840717036067155,1.0,0.9065054554217339,0.12795087330749483,0.9999999999999998,0.9999999999999998,0.9999999999999998,0.9999999999999997,1,1,1,0,1.0
S8_P2_B3,WIPHFSP_S8_P2_B3_C029,True,True,3761.165,3725.0,0.19633557046979858,20698.73,19701.0,4413.531374885648,14580.7,29214.049999999996,0.7427719405106337,1.0,0.8442104355955741,0.16659955707670626,3761.165,3725.0,0.19633557046979858,37101.005,35716.5,6709.221159342938,27685.95,50119.65,0.6281046575112343,1.0,0.8409373108074096,0.16901550231528084,3761.165,3725.0,0.19633557046979858,55848.655,54279.0,8837.611840082987,43465.55,72670.29999999999,0.5380487849813,1.0,0.8363826394391527,0.17149904359206686,0.9999999999999998,0.9999999999999998,0.9999999999999998,0.9999999999999997,4,4,4,0,1.0
S8_P2_B3,WIPHFSP_S8_P2_B3_C056,True,True,3343.335,3315.5,0.17158799577740885,16318.695,15870.0,3501.4287101089176,11756.65,22093.199999999997,0.6513264020163829,1.0,0.8521110572613085,0.1657016263028045,3343.335,3315.5,0.17158799577740885,29435.27,28703.0,5399.071767174428,22265.5,38596.399999999994,0.5689614326028636,1.0,0.8370964924306358,0.1732124874118832,3343.335,3315.5,0.17158799577740885,44610.325,43572.5,7248.216784104557,35079.75,56971.649999999994,0.5024246944747259,1.0,0.8229314603618947,0.18125975529933033,0.9999999999999998,0.9999999999999998,0.9999999999999998,0.9999999999999997,5,5,5,0,1.0
S8_P3_B1,WIPHFSP_S8_P3_B1_C089,True,True,4452.42,4442.0,0.15164340387212952,10795.88,10495.5,1863.3734450184697,8005.65,14142.55,0.5847172597779999,1.0,0.8240221138413886,0.18214303689164024,4452.42,4442.0,0.15164340387212952,10795.88,10495.5,1863.3734450184697,8005.65,14142.55,0.5847172597779999,1.0,0.8240221138413886,0.18214303689164024,4452.42,4442.0,0.15164340387212952,27310.655,27015.0,3808.833248643868,21542.2,34180.549999999996,0.46782713307421786,1.0,0.7955296930154282,0.19824896850155982,0.9999999999999998,0.9999999999999998,0.9999999999999998,0.9999999999999997,4,4,4,0,1.0
S8_P3_B1,WIPHFSP_S8_P3_B1_C060,True,True,3698.955,3681.0,0.1631621841890791,7524.61,7436.5,1597.1685627697534,5111.75,10190.099999999999,0.6828951791837555,1.0,0.779059288896576,0.20737048784171574,3698.955,3681.0,0.1631621841890791,7524.61,7436.5,1597.1685627697534,5111.75,10190.099999999999,0.6828951791837555,1.0,0.779059288896576,0.20737048784171574,3698.955,3681.0,0.1631621841890791,20283.98,20304.0,3406.008150254488,15295.050000000001,25575.349999999995,0.5063189519306538,1.0,0.7556610432725286,0.21949254933548126,0.9999999999999998,0.9999999999999998,0.9999999999999998,0.9999999999999997,1,1,1,0,1.0
S8_P3_B1,WIPHFSP_S8_P3_B1_C076,True,True,4198.415,4181.0,0.1509208323367613,10052.555,9913.5,1594.4651695709756,7929.2,13266.699999999999,0.5384072224744034,1.0,0.8193813221445059,0.18569989929506545,4198.415,4181.0,0.1509208323367613,10052.555,9913.5,1594.4651695709756,7929.2,13266.699999999999,0.5384072224744034,1.0,0.8193813221445059,0.18569989929506545,4198.415,4181.0,0.1509208323367613,25619.58,25170.5,3314.9792599049547,21182.45,32144.74999999999,0.4355217417214592,1.0,0.7929222643301459,0.20279931527540027,0.9999999999999998,0.9999999999999998,0.9999999999999998,0.9999999999999997,5,5,5,0,1.0
S8_P3_B1,WIPHFSP_S8_P3_B1_C069,True,True,3873.78,3867.5,0.1600517129928892,7782.725,7680.0,1439.4121923115006,5734.5,10695.899999999998,0.6460156249999996,1.0,0.7274652464363842,0.2247898101998691,3873.78,3867.5,0.1600517129928892,7782.725,7680.0,1439.4121923115006,5734.5,10695.899999999998,0.6460156249999996,1.0,0.7274652464363842,0.2247898101998691,3873.78,3867.5,0.1600517129928892,20647.285,20459.5,3022.786140926116,16269.800000000001,26144.099999999984,0.4826266526552449,1.0,0.6947241113978295,0.2412925307026374,0.9999999999999998,0.9999999999999998,0.9999999999999998,0.9999999999999997,2,2,2,0,1.0
S8_P3_B1,WIPHFSP_S8_P3_B1_C054,True,True,4326.81,4304.0,0.156470724907063,8335.035,8092.5,1290.763043232568,6666.95,10872.449999999999,0.5196787148594376,1.0,0.6135764722507647,0.2856927180313019,4326.81,4304.0,0.156470724907063,8335.035,8092.5,1290.763043232568,6666.95,10872.449999999999,0.5196787148594376,1.0,0.6135764722507647,0.2856927180313019,4326.81,4304.0,0.156470724907063,21684.21,21231.5,2807.178935497344,17912.0,26991.5,0.42764288910345477,1.0,0.5538490385813025,0.30789354530361723,0.9999999999999998,0.9999999999999998,0.9999999999999998,0.9999999999999997,3,3,3,0,1.0
S8_P3_B2,WIPHFSP_S8_P3_B2_C048,True,True,3996.995,3981.0,0.176739512685255,17008.38,16596.5,2591.654549819478,12912.95,21856.149999999998,0.5388606031392159,1.0,0.767725432491555,0.20979513766547542,3996.995,3981.0,0.176739512685255,17008.38,16596.5,2591.654549819478,12912.95,21856.149999999998,0.5388606031392159,1.0,0.767725432491555,0.20979513766547542,3996.995,3981.0,0.176739512685255,30593.645,30364.0,3866.976556558754,24714.25,37880.35,0.4336088789355816,1.0,0.7467303392401512,0.21883809907370116,0.9999999999999998,0.9999999999999998,0.9999999999999998,0.9999999999999997,2,2,2,0,1.0
S8_P3_B2,WIPHFSP_S8_P3_B2_C051,True,True,3274.785,3259.0,0.17003682111077015,13473.47,13284.5,2397.2662511911353,10263.550000000001,17644.35,0.5555948661974479,1.0,0.686503382950402,0.24962209009372166,3274.785,3259.0,0.17003682111077015,13473.47,13284.5,2397.2662511911353,10263.550000000001,17644.35,0.5555948661974479,1.0,0.686503382950402,0.24962209009372166,3274.785,3259.0,0.17003682111077015,24847.685,24658.5,3862.490840866163,19510.949999999997,31349.8,0.4801123344891215,1.0,0.6604070773521687,0.25972390165255943,0.9999999999999998,0.9999999999999998,0.9999999999999998,0.9999999999999997,3,3,3,0,1.0
S8_P3_B2,WIPHFSP_S8_P3_B2_C061,True,True,3671.51,3647.5,0.18590815627141846,17557.965,17053.5,3346.6112597334936,12939.85,23417.2,0.614381212067904,1.0,0.796126269770508,0.19715263104940134,3671.51,3647.5,0.18590815627141846,17557.965,17053.5,3346.6112597334936,12939.85,23417.2,0.614381212067904,1.0,0.796126269770508,0.19715263104940134,3671.51,3647.5,0.18590815627141846,31261.415,30566.5,5101.795726288441,24510.95,40088.09999999999,0.5096151015000079,1.0,0.778816062714259,0.20560418553174364,0.9999999999999998,0.9999999999999998,0.9999999999999998,0.9999999999999997,1,1,1,0,1.0
S8_P3_B2,WIPHFSP_S8_P3_B2_C055,True,True,3771.79,3759.0,0.156238361266294,17197.495,16862.0,2396.6464424222027,13852.15,21270.85,0.43996560313130106,1.0,0.8186737339614845,0.1873584620804187,3771.79,3759.0,0.156238361266294,17197.495,16862.0,2396.6464424222027,13852.15,21270.85,0.43996560313130106,1.0,0.8186737339614845,0.1873584620804187,3771.79,3759.0,0.156238361266294,30352.73,29973.5,3677.120280477646,24819.0,37139.45,0.41104475620131103,1.0,0.8125880813565738,0.18911030595813205,0.9999999999999998,0.9999999999999998,0.9999999999999998,0.9999999999999997,4,4,4,0,1.0
S8_P3_B2,WIPHFSP_S8_P3_B2_C022,True,True,4327.65,4300.5,0.1519939541913731,19235.97,19057.0,2738.9825609338955,15435.55,23642.899999999998,0.43067376816917663,1.0,0.7706078243912194,0.2146776060804349,4327.65,4300.5,0.1519939541913731,19235.97,19057.0,2738.9825609338955,15435.55,23642.899999999998,0.43067376816917663,1.0,0.7706078243912194,0.2146776060804349,4327.65,4300.5,0.1519939541913731,34314.725,34174.5,4111.026908130741,28373.7,41066.649999999994,0.3714158217384305,1.0,0.74329745324108,0.22971612643446748,0.9999999999999998,0.9999999999999998,0.9999999999999998,0.9999999999999997,5,5,5,0,1.0
S8_P3_B3,WIPHFSP_S8_P3_B3_C097,True,True,3710.825,3680.5,0.17728569487841309,11866.155,11569.0,1945.9297831563708,9324.800000000001,14958.699999999992,0.4869824531074414,1.0,0.7731876569559893,0.20584235708889448,3710.825,3680.5,0.17728569487841309,21698.835,21205.5,3128.828815671289,17381.399999999998,26895.099999999995,0.44864304072056765,1.0,0.7566763209529536,0.2145231141101823,3710.825,3680.5,0.17728569487841309,33343.235,32757.5,4254.126723520939,27295.050000000003,40670.5,0.40831717927192235,1.0,0.7427905828239771,0.2208622947516873,0.9999999999999998,0.9999999999999998,0.9999999999999998,0.9999999999999997,1,1,1,0,1.0
S8_P3_B3,WIPHFSP_S8_P3_B3_C052,True,True,3523.84,3507.5,0.1595010691375624,13063.415,12871.0,2224.668286009175,9993.45,16894.0,0.5361316137052287,1.0,0.7992693216488881,0.194110244147999,3523.84,3507.5,0.1595010691375624,23754.25,23461.5,3598.7455019075746,18695.85,29680.1,0.46818191505231976,1.0,0.7763693080044839,0.20782162270988525,3523.84,3507.5,0.1595010691375624,36228.055,35740.5,4973.781857095765,29002.5,44125.09999999999,0.42312222828443896,1.0,0.7629062997748288,0.21557278035031205,0.9999999999999998,0.9999999999999998,0.9999999999999998,0.9999999999999997,4,4,4,0,1.0
S8_P3_B3,WIPHFSP_S8_P3_B3_C007,True,True,3544.69,3516.5,0.17146310251670685,12857.915,12417.0,2182.970260396371,10037.95,17107.5,0.569344447128936,1.0,0.8184457613569868,0.19042344292835206,3544.69,3516.5,0.17146310251670685,23235.185,22485.5,3457.7190358348957,18572.350000000002,29988.649999999998,0.5077183073536277,1.0,0.8082113439651087,0.1965966873080602,3544.69,3516.5,0.17146310251670685,35318.19,34296.0,4705.592803664593,28855.4,44455.950000000004,0.45487957779332877,1.0,0.7902510918769953,0.20656497004480692,0.9999999999999998,0.9999999999999998,0.9999999999999998,0.9999999999999997,2,2,2,0,1.0
S8_P3_B3,WIPHFSP_S8_P3_B3_C042,True,True,3291.445,3274.0,0.14928222357971868,11422.885,11171.5,2116.274172165554,8302.85,14777.449999999993,0.5795640692834437,1.0,0.7390605189428838,0.22885196374622357,3291.445,3274.0,0.14928222357971868,21173.01,20784.5,3349.5305043990866,16320.199999999999,26385.099999999984,0.4842502826625603,1.0,0.7223229347408553,0.23689643018981923,3291.445,3274.0,0.14928222357971868,32726.63,32291.0,4465.005049616406,26404.0,40318.899999999994,0.4309219287107861,1.0,0.7080098359808147,0.2434800120833753,0.9999999999999998,0.9999999999999998,0.9999999999999998,0.9999999999999997,5,5,5,0,1.0
S8_P3_B3,WIPHFSP_S8_P3_B3_C067,True,True,3282.09,3261.0,0.16628334866605318,13328.015,13278.0,2227.6837016899412,9922.1,17086.45,0.5395654466034041,1.0,0.8344851924115231,0.17382330732443996,3282.09,3261.0,0.16628334866605318,23757.475,23658.5,3468.735864745974,18447.35,29586.699999999997,0.4708392332565462,1.0,0.8220030137017502,0.1823032011274411,3282.09,3261.0,0.16628334866605318,35713.495,35496.0,4592.066269118402,28519.7,43163.1,0.4125366238449402,1.0,0.8096753157106142,0.18882456581928014,0.9999999999999998,0.9999999999999998,0.9999999999999998,0.9999999999999997,3,3,3,0,1.0
S8_P4_B1,WIPHFSP_S8_P4_B1_C052,True,True,4538.055,4521.5,0.1606325334512883,3877.94,3762.0,1010.1831895255434,2587.9,5730.849999999999,0.8354465709728864,1.0,0.05005073926387921,0.4831698113207547,4538.055,4521.5,0.1606325334512883,3877.94,3762.0,1010.1831895255434,2587.9,5730.849999999999,0.8354465709728864,1.0,0.05005073926387921,0.4831698113207547,4538.055,4521.5,0.1606325334512883,12154.585,11957.5,2480.6283584557764,8715.400000000001,16789.5,0.6752331172904033,1.0,-0.020580317013577792,0.5088540094576919,0.9999999999999998,0.9999999999999998,0.9999999999999998,0.9999999999999997,3,3,3,0,1.0
S8_P4_B1,WIPHFSP_S8_P4_B1_C054,True,True,3656.72,3640.5,0.14568053838758407,3840.02,3758.0,924.5368459937116,2646.4,5524.949999999997,0.7659792442788708,1.0,0.21246075941633974,0.42886629077728555,3656.72,3640.5,0.14568053838758407,3840.02,3758.0,924.5368459937116,2646.4,5524.949999999997,0.7659792442788708,1.0,0.21246075941633974,0.42886629077728555,3656.72,3640.5,0.14568053838758407,11717.935,11474.5,2227.441198051028,8621.35,15684.099999999999,0.6155170159919819,1.0,0.16287184018720513,0.44383492702566685,0.9999999999999998,0.9999999999999998,0.9999999999999998,0.9999999999999997,4,4,4,0,1.0
S8_P4_B1,WIPHFSP_S8_P4_B1_C006,True,True,4197.045,4191.5,0.17802695932243828,3601.605,3469.5,920.1432763298333,2310.35,5485.649999999998,0.9152039198731797,1.0,-0.023949868183152753,0.5093352121181621,4197.045,4191.5,0.17802695932243828,3601.605,3469.5,920.1432763298333,2310.35,5485.649999999998,0.9152039198731797,1.0,-0.023949868183152753,0.5093352121181621,4197.045,4191.5,0.17802695932243828,11153.91,10997.0,2165.5937088706182,8009.9,15162.65,0.6504273892879875,1.0,-0.062063554983944225,0.5229182389937107,0.9999999999999998,0.9999999999999998,0.9999999999999998,0.9999999999999997,1,1,1,0,1.0
S8_P4_B1,WIPHFSP_S8_P4_B1_C078,True,True,4519.54,4491.0,0.1655978623914497,4265.25,4040.0,1088.621282861951,2762.9,6015.399999999999,0.805074257425742,1.0,0.23795834059027288,0.4221461991246164,4519.54,4491.0,0.1655978623914497,4265.25,4040.0,1088.621282861951,2762.9,6015.399999999999,0.805074257425742,1.0,0.23795834059027288,0.4221461991246164,4519.54,4491.0,0.1655978623914497,13226.715,12665.0,2681.8118677071666,9396.35,17763.95,0.6606869324911172,1.0,0.17485682013680268,0.44267243547819085,0.9999999999999998,0.9999999999999998,0.9999999999999998,0.9999999999999997,2,2,2,0,1.0
S8_P4_B1,WIPHFSP_S8_P4_B1_C023,True,True,3958.975,3949.0,0.1332489237781715,5746.285,5580.5,1224.4253279702277,4122.65,7949.249999999995,0.6857091658453535,1.0,0.4083229985878367,0.35658914728682173,3958.975,3949.0,0.1332489237781715,5746.285,5580.5,1224.4253279702277,4122.65,7949.249999999995,0.6857091658453535,1.0,0.4083229985878367,0.35658914728682173,3958.975,3949.0,0.1332489237781715,16507.405,16302.5,2799.9552016014472,12662.85,21487.35,0.5412973470326635,1.0,0.37871034739375403,0.3694251484949159,0.9999999999999998,0.9999999999999998,0.9999999999999998,0.9999999999999997,5,5,5,0,1.0
S8_P4_B2,WIPHFSP_S8_P4_B2_C009,True,True,3506.78,3498.0,0.17691538021726694,7140.415,6791.5,1940.0528118520383,4795.05,10575.15,0.8510785540749465,1.0,-0.020201201992587417,0.5070188679245283,3506.78,3498.0,0.17691538021726694,7140.415,6791.5,1940.0528118520383,4795.05,10575.15,0.8510785540749465,1.0,-0.020201201992587417,0.5070188679245283,3506.78,3498.0,0.17691538021726694,14180.1,13729.0,3404.038832034676,9815.9,20072.649999999998,0.747086459319688,1.0,-0.020825239296703768,0.5059628641875912,0.9999999999999998,0.9999999999999998,0.9999999999999998,0.9999999999999997,3,3,3,0,1.0
S8_P4_B2,WIPHFSP_S8_P4_B2_C001,True,True,4102.57,4069.0,0.1722659130007372,8198.445,7825.5,2017.2669077182127,5670.8,12442.999999999996,0.8654015717845499,1.0,0.02459792857315965,0.4924253862801349,4102.57,4069.0,0.1722659130007372,8198.445,7825.5,2017.2669077182127,5670.8,12442.999999999996,0.8654015717845499,1.0,0.02459792857315965,0.4924253862801349,4102.57,4069.0,0.1722659130007372,16473.34,15931.0,3709.029817135473,11810.0,24532.949999999997,0.7986284602347622,1.0,-0.026747884734123244,0.509235492475716,0.9999999999999998,0.9999999999999998,0.9999999999999998,0.9999999999999997,4,4,4,0,1.0
S8_P4_B2,WIPHFSP_S8_P4_B2_C052,True,True,3804.445,3785.0,0.18467635402906193,7786.545,7527.5,1755.78929486855,5497.75,11240.199999999999,0.7628628362670207,1.0,0.32588432728385575,0.3877037633326625,3804.445,3785.0,0.18467635402906193,7786.545,7527.5,1755.78929486855,5497.75,11240.199999999999,0.7628628362670207,1.0,0.32588432728385575,0.3877037633326625,3804.445,3785.0,0.18467635402906193,15393.47,15101.0,3019.28621682344,11297.849999999999,21366.649999999998,0.6667637904774517,1.0,0.29200892831350045,0.4010665593399406,0.9999999999999998,0.9999999999999998,0.9999999999999998,0.9999999999999997,1,1,1,0,1.0
S8_P4_B2,WIPHFSP_S8_P4_B2_C008,True,True,4058.86,4044.5,0.16427246878476942,8624.215,8268.5,2416.3805389000713,5748.25,12815.849999999997,0.8547620487391904,1.0,-0.03337412251400104,0.510598660691808,4058.86,4044.5,0.16427246878476942,8624.215,8268.5,2416.3805389000713,5748.25,12815.849999999997,0.8547620487391904,1.0,-0.03337412251400104,0.510598660691808,4058.86,4044.5,0.16427246878476942,17296.575,16707.5,4200.511403909648,12316.800000000001,24239.19999999999,0.7135956905581319,1.0,-0.07843816694937952,0.5239389820268842,0.9999999999999998,0.9999999999999998,0.9999999999999998,0.9999999999999997,5,5,5,0,1.0
S8_P4_B2,WIPHFSP_S8_P4_B2_C046,True,True,4174.125,4142.0,0.18208594881699652,7198.76,7032.0,1482.6025841067458,5033.400000000001,9791.7,0.6766638225255972,1.0,0.07922895502656815,0.47193839029546486,4174.125,4142.0,0.18208594881699652,7198.76,7032.0,1482.6025841067458,5033.400000000001,9791.7,0.6766638225255972,1.0,0.07922895502656815,0.47193839029546486,4174.125,4142.0,0.18208594881699652,14670.805,14372.0,2740.5286966158556,10631.45,19366.649999999983,0.6077929306985793,1.0,0.03527037709958737,0.4880503144654088,0.9999999999999998,0.9999999999999998,0.9999999999999998,0.9999999999999997,2,2,2,0,1.0
S8_P4_B3,WIPHFSP_S8_P4_B3_C041,True,True,3538.75,3518.5,0.16748614466391917,5600.915,5494.5,909.8162604476796,4344.85,7174.799999999997,0.5150514150514144,1.0,0.029745959854568835,0.48957598952563197,3538.75,3518.5,0.16748614466391917,10997.545,10693.5,1757.181970649312,8755.1,14298.399999999998,0.518380324496189,1.0,0.010475720099566634,0.49607211199516565,3538.75,3518.5,0.16748614466391917,18132.31,17567.5,2829.8499030690655,14496.55,23486.999999999993,0.5117660452540198,1.0,-0.021902874321759667,0.5076047542304593,0.9999999999999998,0.9999999999999998,0.9999999999999998,0.9999999999999997,4,4,4,0,1.0
S8_P4_B3,WIPHFSP_S8_P4_B3_C022,True,True,3876.695,3851.0,0.16132173461438573,6230.46,5913.0,1272.8899474817138,4674.7,8594.699999999999,0.6629460510739047,1.0,0.25560235751861354,0.41236594330597653,3876.695,3851.0,0.16132173461438573,12398.995,11915.0,2342.3152915384812,9480.8,16546.199999999993,0.5929836340746952,1.0,0.2513088966208925,0.4147913205457383,3876.695,3851.0,0.16132173461438573,20634.575,19949.0,3614.7198154732546,16101.95,26776.099999999995,0.5350719334302468,1.0,0.2394642387960729,0.4179713063176441,0.9999999999999998,0.9999999999999998,0.9999999999999998,0.9999999999999997,5,5,5,0,1.0
S8_P4_B3,WIPHFSP_S8_P4_B3_C077,True,True,3497.72,3488.0,0.1696387614678898,6180.28,5924.5,1108.7357086339377,4882.1,8095.349999999997,0.5423664444256893,1.0,0.0688992042975669,0.47553362867498994,3497.72,3488.0,0.1696387614678898,12185.445,11695.0,2069.1759874343697,9609.699999999999,16074.75,0.5528046173578453,1.0,0.0025099725753322936,0.4976088598036748,3497.72,3488.0,0.1696387614678898,20131.34,19332.5,3242.293297096979,15922.699999999999,25998.449999999997,0.5211819474977368,1.0,-0.035852478433642344,0.5124823837326354,0.9999999999999998,0.9999999999999998,0.9999999999999998,0.9999999999999997,3,3,3,0,1.0
S8_P4_B3,WIPHFSP_S8_P4_B3_C032,True,True,3902.59,3877.5,0.17511283043197934,7068.48,6738.0,1534.2839892275485,5113.35,9912.299999999997,0.7122217275155828,1.0,0.11489032806165667,0.45993452530848655,3902.59,3877.5,0.17511283043197934,13928.615,13490.5,2833.523539124918,10204.050000000001,19233.149999999994,0.66929320633038,1.0,0.1366737420267721,0.4541607898448519,3902.59,3877.5,0.17511283043197934,22930.83,22159.0,4311.6663717291485,16918.75,30970.6,0.6341373708199828,1.0,0.14469521026895601,0.4514731805590531,0.9999999999999998,0.9999999999999998,0.9999999999999998,0.9999999999999997,2,2,2,0,1.0
S8_P4_B3,WIPHFSP_S8_P4_B3_C071,True,True,3607.61,3578.5,0.1837222299846302,7238.755,7011.5,1429.9409305894421,5329.75,9825.1,0.6411395564429865,1.0,0.42445792261520726,0.35409637947530087,3607.61,3578.5,0.1837222299846302,14055.09,13768.0,2513.176597833905,10574.85,18520.949999999997,0.5771426496223123,1.0,0.3897405935195525,0.366515609264854,3607.61,3578.5,0.1837222299846302,22793.795,22390.0,3747.1892390130233,17627.5,29156.099999999984,0.5148995087092445,1.0,0.333241829388616,0.3874735676165542,0.9999999999999998,0.9999999999999998,0.9999999999999998,0.9999999999999997,1,1,1,0,1.0
